timestamp,forecast_reading,step,minutes_ahead
2025-10-09 00:00:00,7.396396,1,0.0
2025-10-09 00:00:05,16.167843,2,0.08
2025-10-09 00:00:10,23.11941,3,0.17
2025-10-09 00:00:15,32.67778,4,0.25
2025-10-09 00:00:20,38.59337,5,0.33
2025-10-09 00:00:25,39.278206,6,0.42
2025-10-09 00:00:30,41.35212,7,0.5
2025-10-09 00:00:35,42.485504,8,0.58
2025-10-09 00:00:40,42.929874,9,0.67
2025-10-09 00:00:45,44.809746,10,0.75
2025-10-09 00:00:50,48.94672,11,0.83
2025-10-09 00:00:55,51.855396,12,0.92
2025-10-09 00:01:00,54.591194,13,1.0
2025-10-09 00:01:05,57.86742,14,1.08
2025-10-09 00:01:10,60.57808,15,1.17
2025-10-09 00:01:15,62.12605,16,1.25
2025-10-09 00:01:20,63.133743,17,1.33
2025-10-09 00:01:25,63.75586,18,1.42
2025-10-09 00:01:30,64.83647,19,1.5
2025-10-09 00:01:35,65.71786,20,1.58
2025-10-09 00:01:40,66.35059,21,1.67
2025-10-09 00:01:45,67.30544,22,1.75
2025-10-09 00:01:50,67.47582,23,1.83
2025-10-09 00:01:55,67.77738,24,1.92
2025-10-09 00:02:00,67.25556,25,2.0
2025-10-09 00:02:05,66.48314,26,2.08
2025-10-09 00:02:10,66.396286,27,2.17
2025-10-09 00:02:15,66.3813,28,2.25
2025-10-09 00:02:20,66.354744,29,2.33
2025-10-09 00:02:25,65.85733,30,2.42
2025-10-09 00:02:30,65.684425,31,2.5
2025-10-09 00:02:35,64.78214,32,2.58
2025-10-09 00:02:40,62.137714,33,2.67
2025-10-09 00:02:45,60.799904,34,2.75
2025-10-09 00:02:50,59.62776,35,2.83
2025-10-09 00:02:55,59.7661,36,2.92
2025-10-09 00:03:00,59.492588,37,3.0
2025-10-09 00:03:05,59.26227,38,3.08
2025-10-09 00:03:10,59.311,39,3.17
2025-10-09 00:03:15,58.53076,40,3.25
2025-10-09 00:03:20,58.3862,41,3.33
2025-10-09 00:03:25,58.35959,42,3.42
2025-10-09 00:03:30,58.353565,43,3.5
2025-10-09 00:03:35,58.122334,44,3.58
2025-10-09 00:03:40,58.244038,45,3.67
2025-10-09 00:03:45,58.084305,46,3.75
2025-10-09 00:03:50,58.02599,47,3.83
2025-10-09 00:03:55,58.24335,48,3.92
2025-10-09 00:04:00,58.27844,49,4.0
2025-10-09 00:04:05,58.217503,50,4.08
2025-10-09 00:04:10,58.070614,51,4.17
2025-10-09 00:04:15,58.06653,52,4.25
2025-10-09 00:04:20,58.031475,53,4.33
2025-10-09 00:04:25,57.955315,54,4.42
2025-10-09 00:04:30,57.911083,55,4.5
2025-10-09 00:04:35,57.90232,56,4.58
2025-10-09 00:04:40,57.691235,57,4.67
2025-10-09 00:04:45,57.882305,58,4.75
2025-10-09 00:04:50,57.72989,59,4.83
2025-10-09 00:04:55,57.71398,60,4.92
2025-10-09 00:05:00,57.03028,61,5.0
2025-10-09 00:05:05,55.864838,62,5.08
2025-10-09 00:05:10,55.998325,63,5.17
2025-10-09 00:05:15,55.84701,64,5.25
2025-10-09 00:05:20,55.789894,65,5.33
2025-10-09 00:05:25,55.212513,66,5.42
2025-10-09 00:05:30,54.12804,67,5.5
2025-10-09 00:05:35,54.25625,68,5.58
2025-10-09 00:05:40,54.253983,69,5.67
2025-10-09 00:05:45,54.16118,70,5.75
2025-10-09 00:05:50,53.764423,71,5.83
2025-10-09 00:05:55,51.799427,72,5.92
2025-10-09 00:06:00,51.739662,73,6.0
2025-10-09 00:06:05,50.02371,74,6.08
2025-10-09 00:06:10,49.338432,75,6.17
2025-10-09 00:06:15,48.733,76,6.25
2025-10-09 00:06:20,49.315243,77,6.33
2025-10-09 00:06:25,47.625057,78,6.42
2025-10-09 00:06:30,47.432762,79,6.5
2025-10-09 00:06:35,47.46278,80,6.58
2025-10-09 00:06:40,47.514885,81,6.67
2025-10-09 00:06:45,47.469704,82,6.75
2025-10-09 00:06:50,48.24334,83,6.83
2025-10-09 00:06:55,48.103535,84,6.92
2025-10-09 00:07:00,48.27727,85,7.0
2025-10-09 00:07:05,48.20729,86,7.08
2025-10-09 00:07:10,47.082283,87,7.17
2025-10-09 00:07:15,47.953327,88,7.25
2025-10-09 00:07:20,46.99144,89,7.33
2025-10-09 00:07:25,46.40424,90,7.42
2025-10-09 00:07:30,45.728973,91,7.5
2025-10-09 00:07:35,44.261963,92,7.58
2025-10-09 00:07:40,44.535263,93,7.67
2025-10-09 00:07:45,44.487625,94,7.75
2025-10-09 00:07:50,44.45528,95,7.83
2025-10-09 00:07:55,44.470585,96,7.92
2025-10-09 00:08:00,44.35651,97,8.0
2025-10-09 00:08:05,45.162636,98,8.08
2025-10-09 00:08:10,44.57806,99,8.17
2025-10-09 00:08:15,45.158424,100,8.25
2025-10-09 00:08:20,45.344276,101,8.33
2025-10-09 00:08:25,45.88154,102,8.42
2025-10-09 00:08:30,45.758564,103,8.5
2025-10-09 00:08:35,44.87007,104,8.58
2025-10-09 00:08:40,44.81305,105,8.67
2025-10-09 00:08:45,44.687645,106,8.75
2025-10-09 00:08:50,44.687645,107,8.83
2025-10-09 00:08:55,43.06171,108,8.92
2025-10-09 00:09:00,42.165,109,9.0
2025-10-09 00:09:05,39.97348,110,9.08
2025-10-09 00:09:10,39.960537,111,9.17
2025-10-09 00:09:15,41.525543,112,9.25
2025-10-09 00:09:20,40.88989,113,9.33
2025-10-09 00:09:25,42.62379,114,9.42
2025-10-09 00:09:30,42.813396,115,9.5
2025-10-09 00:09:35,42.12962,116,9.58
2025-10-09 00:09:40,42.166317,117,9.67
2025-10-09 00:09:45,42.41485,118,9.75
2025-10-09 00:09:50,42.01351,119,9.83
2025-10-09 00:09:55,42.135654,120,9.92
2025-10-09 00:10:00,41.987633,121,10.0
2025-10-09 00:10:05,41.70702,122,10.08
2025-10-09 00:10:10,41.79139,123,10.17
2025-10-09 00:10:15,41.79139,124,10.25
2025-10-09 00:10:20,41.701477,125,10.33
2025-10-09 00:10:25,41.701477,126,10.42
2025-10-09 00:10:30,41.876637,127,10.5
2025-10-09 00:10:35,41.876637,128,10.58
2025-10-09 00:10:40,41.754745,129,10.67
2025-10-09 00:10:45,41.426964,130,10.75
2025-10-09 00:10:50,41.49119,131,10.83
2025-10-09 00:10:55,41.426964,132,10.92
2025-10-09 00:11:00,41.419624,133,11.0
2025-10-09 00:11:05,41.426254,134,11.08
2025-10-09 00:11:10,41.433327,135,11.17
2025-10-09 00:11:15,41.433327,136,11.25
2025-10-09 00:11:20,41.433327,137,11.33
2025-10-09 00:11:25,41.433327,138,11.42
2025-10-09 00:11:30,41.433327,139,11.5
2025-10-09 00:11:35,41.433327,140,11.58
2025-10-09 00:11:40,41.29097,141,11.67
2025-10-09 00:11:45,41.433327,142,11.75
2025-10-09 00:11:50,41.380054,143,11.83
2025-10-09 00:11:55,41.3856,144,11.92
2025-10-09 00:12:00,41.380054,145,12.0
2025-10-09 00:12:05,41.380054,146,12.08
2025-10-09 00:12:10,41.380054,147,12.17
2025-10-09 00:12:15,41.380054,148,12.25
2025-10-09 00:12:20,41.380054,149,12.33
2025-10-09 00:12:25,41.12433,150,12.42
2025-10-09 00:12:30,41.119938,151,12.5
2025-10-09 00:12:35,41.137157,152,12.58
2025-10-09 00:12:40,41.137157,153,12.67
2025-10-09 00:12:45,41.122536,154,12.75
2025-10-09 00:12:50,41.137157,155,12.83
2025-10-09 00:12:55,41.13839,156,12.92
2025-10-09 00:13:00,41.122494,157,13.0
2025-10-09 00:13:05,41.15238,158,13.08
2025-10-09 00:13:10,41.15238,159,13.17
2025-10-09 00:13:15,41.15238,160,13.25
2025-10-09 00:13:20,41.15238,161,13.33
2025-10-09 00:13:25,41.15238,162,13.42
2025-10-09 00:13:30,40.995323,163,13.5
2025-10-09 00:13:35,41.086937,164,13.58
2025-10-09 00:13:40,41.08139,165,13.67
2025-10-09 00:13:45,41.08139,166,13.75
2025-10-09 00:13:50,41.072994,167,13.83
2025-10-09 00:13:55,41.074226,168,13.92
2025-10-09 00:14:00,41.074226,169,14.0
2025-10-09 00:14:05,40.970665,170,14.08
2025-10-09 00:14:10,40.965687,171,14.17
2025-10-09 00:14:15,40.910248,172,14.25
2025-10-09 00:14:20,40.967262,173,14.33
2025-10-09 00:14:25,40.844017,174,14.42
2025-10-09 00:14:30,40.968494,175,14.5
2025-10-09 00:14:35,40.913994,176,14.58
2025-10-09 00:14:40,40.956417,177,14.67
2025-10-09 00:14:45,41.071976,178,14.75
2025-10-09 00:14:50,41.05597,179,14.83
2025-10-09 00:14:55,41.085857,180,14.92
2025-10-09 00:15:00,41.086567,181,15.0
2025-10-09 00:15:05,40.999268,182,15.08
2025-10-09 00:15:10,41.086567,183,15.17
2025-10-09 00:15:15,41.086567,184,15.25
2025-10-09 00:15:20,41.086567,185,15.33
2025-10-09 00:15:25,41.086567,186,15.42
2025-10-09 00:15:30,41.086567,187,15.5
2025-10-09 00:15:35,41.086567,188,15.58
2025-10-09 00:15:40,41.086567,189,15.67
2025-10-09 00:15:45,41.086567,190,15.75
2025-10-09 00:15:50,41.086567,191,15.83
2025-10-09 00:15:55,41.06837,192,15.92
2025-10-09 00:16:00,41.06837,193,16.0
2025-10-09 00:16:05,41.028908,194,16.08
2025-10-09 00:16:10,41.086567,195,16.17
2025-10-09 00:16:15,41.086567,196,16.25
2025-10-09 00:16:20,40.78879,197,16.33
2025-10-09 00:16:25,40.804832,198,16.42
2025-10-09 00:16:30,40.84206,199,16.5
2025-10-09 00:16:35,40.69527,200,16.58
2025-10-09 00:16:40,40.75293,201,16.67
2025-10-09 00:16:45,40.63269,202,16.75
2025-10-09 00:16:50,40.63269,203,16.83
2025-10-09 00:16:55,40.63269,204,16.92
2025-10-09 00:17:00,40.301647,205,17.0
2025-10-09 00:17:05,40.18918,206,17.08
2025-10-09 00:17:10,40.301647,207,17.17
2025-10-09 00:17:15,40.301647,208,17.25
2025-10-09 00:17:20,40.301647,209,17.33
2025-10-09 00:17:25,40.301647,210,17.42
2025-10-09 00:17:30,40.301647,211,17.5
2025-10-09 00:17:35,40.301647,212,17.58
2025-10-09 00:17:40,40.301647,213,17.67
2025-10-09 00:17:45,40.27176,214,17.75
2025-10-09 00:17:50,40.38431,215,17.83
2025-10-09 00:17:55,40.301647,216,17.92
2025-10-09 00:18:00,40.326866,217,18.0
2025-10-09 00:18:05,40.273598,218,18.08
2025-10-09 00:18:10,40.273598,219,18.17
2025-10-09 00:18:15,40.26626,220,18.25
2025-10-09 00:18:20,40.215935,221,18.33
2025-10-09 00:18:25,40.273598,222,18.42
2025-10-09 00:18:30,40.273598,223,18.5
2025-10-09 00:18:35,40.273598,224,18.58
2025-10-09 00:18:40,40.273598,225,18.67
2025-10-09 00:18:45,40.273598,226,18.75
2025-10-09 00:18:50,40.273598,227,18.83
2025-10-09 00:18:55,40.27914,228,18.92
2025-10-09 00:19:00,40.273598,229,19.0
2025-10-09 00:19:05,40.273598,230,19.08
2025-10-09 00:19:10,40.138474,231,19.17
2025-10-09 00:19:15,40.23132,232,19.25
2025-10-09 00:19:20,40.225777,233,19.33
2025-10-09 00:19:25,40.22562,234,19.42
2025-10-09 00:19:30,40.225777,235,19.5
2025-10-09 00:19:35,40.225777,236,19.58
2025-10-09 00:19:40,40.080856,237,19.67
2025-10-09 00:19:45,40.10895,238,19.75
2025-10-09 00:19:50,40.116444,239,19.83
2025-10-09 00:19:55,40.116444,240,19.92
2025-10-09 00:20:00,40.116287,241,20.0
2025-10-09 00:20:05,40.116287,242,20.08
2025-10-09 00:20:10,40.116444,243,20.17
2025-10-09 00:20:15,40.110897,244,20.25
2025-10-09 00:20:20,40.116287,245,20.33
2025-10-09 00:20:25,40.058628,246,20.42
2025-10-09 00:20:30,40.116287,247,20.5
2025-10-09 00:20:35,40.116444,248,20.58
2025-10-09 00:20:40,40.116444,249,20.67
2025-10-09 00:20:45,39.95197,250,20.75
2025-10-09 00:20:50,39.919495,251,20.83
2025-10-09 00:20:55,39.919495,252,20.92
2025-10-09 00:21:00,39.919495,253,21.0
2025-10-09 00:21:05,40.04481,254,21.08
2025-10-09 00:21:10,40.03927,255,21.17
2025-10-09 00:21:15,40.03927,256,21.25
2025-10-09 00:21:20,40.00938,257,21.33
2025-10-09 00:21:25,40.037476,258,21.42
2025-10-09 00:21:30,39.91395,259,21.5
2025-10-09 00:21:35,40.04481,260,21.58
2025-10-09 00:21:40,39.96966,261,21.67
2025-10-09 00:21:45,39.97505,262,21.75
2025-10-09 00:21:50,39.96966,263,21.83
2025-10-09 00:21:55,39.96966,264,21.92
2025-10-09 00:22:00,39.96966,265,22.0
2025-10-09 00:22:05,39.96966,266,22.08
2025-10-09 00:22:10,39.96966,267,22.17
2025-10-09 00:22:15,39.96966,268,22.25
2025-10-09 00:22:20,39.951466,269,22.33
2025-10-09 00:22:25,39.912,270,22.42
2025-10-09 00:22:30,39.95578,271,22.5
2025-10-09 00:22:35,39.867085,272,22.58
2025-10-09 00:22:40,39.959778,273,22.67
2025-10-09 00:22:45,39.954388,274,22.75
2025-10-09 00:22:50,39.95423,275,22.83
2025-10-09 00:22:55,39.954388,276,22.92
2025-10-09 00:23:00,39.954388,277,23.0
2025-10-09 00:23:05,39.91716,278,23.08
2025-10-09 00:23:10,39.954388,279,23.17
2025-10-09 00:23:15,39.954388,280,23.25
2025-10-09 00:23:20,39.954388,281,23.33
2025-10-09 00:23:25,39.954388,282,23.42
2025-10-09 00:23:30,39.954388,283,23.5
2025-10-09 00:23:35,39.954388,284,23.58
2025-10-09 00:23:40,39.954388,285,23.67
2025-10-09 00:23:45,39.954388,286,23.75
2025-10-09 00:23:50,39.954388,287,23.83
2025-10-09 00:23:55,39.954388,288,23.92
2025-10-09 00:24:00,39.941486,289,24.0
2025-10-09 00:24:05,39.941486,290,24.08
2025-10-09 00:24:10,39.941486,291,24.17
2025-10-09 00:24:15,39.941486,292,24.25
2025-10-09 00:24:20,39.941486,293,24.33
2025-10-09 00:24:25,39.941486,294,24.42
2025-10-09 00:24:30,39.941486,295,24.5
2025-10-09 00:24:35,39.941486,296,24.58
2025-10-09 00:24:40,39.941486,297,24.67
2025-10-09 00:24:45,39.941486,298,24.75
2025-10-09 00:24:50,39.941486,299,24.83
2025-10-09 00:24:55,39.81696,300,24.92
2025-10-09 00:25:00,39.947033,301,25.0
2025-10-09 00:25:05,39.941486,302,25.08
2025-10-09 00:25:10,39.941486,303,25.17
2025-10-09 00:25:15,39.81768,304,25.25
2025-10-09 00:25:20,39.823227,305,25.33
2025-10-09 00:25:25,39.823227,306,25.42
2025-10-09 00:25:30,39.823227,307,25.5
2025-10-09 00:25:35,39.823227,308,25.58
2025-10-09 00:25:40,39.823227,309,25.67
2025-10-09 00:25:45,39.823227,310,25.75
2025-10-09 00:25:50,39.823227,311,25.83
2025-10-09 00:25:55,39.80913,312,25.92
2025-10-09 00:26:00,39.80359,313,26.0
2025-10-09 00:26:05,39.80913,314,26.08
2025-10-09 00:26:10,39.80913,315,26.17
2025-10-09 00:26:15,39.80913,316,26.25
2025-10-09 00:26:20,39.80359,317,26.33
2025-10-09 00:26:25,39.803432,318,26.42
2025-10-09 00:26:30,39.80359,319,26.5
2025-10-09 00:26:35,39.80359,320,26.58
2025-10-09 00:26:40,39.80359,321,26.67
2025-10-09 00:26:45,39.71629,322,26.75
2025-10-09 00:26:50,39.80913,323,26.83
2025-10-09 00:26:55,39.7737,324,26.92
2025-10-09 00:27:00,39.79625,325,27.0
2025-10-09 00:27:05,39.803432,326,27.08
2025-10-09 00:27:10,39.80359,327,27.17
2025-10-09 00:27:15,39.80359,328,27.25
2025-10-09 00:27:20,39.84547,329,27.33
2025-10-09 00:27:25,39.813286,330,27.42
2025-10-09 00:27:30,39.845627,331,27.5
2025-10-09 00:27:35,39.81199,332,27.58
2025-10-09 00:27:40,39.811832,333,27.67
2025-10-09 00:27:45,39.81199,334,27.75
2025-10-09 00:27:50,39.81199,335,27.83
2025-10-09 00:27:55,39.81199,336,27.92
2025-10-09 00:28:00,39.81199,337,28.0
2025-10-09 00:28:05,39.811832,338,28.08
2025-10-09 00:28:10,39.811832,339,28.17
2025-10-09 00:28:15,39.81199,340,28.25
2025-10-09 00:28:20,39.81199,341,28.33
2025-10-09 00:28:25,39.81199,342,28.42
2025-10-09 00:28:30,39.82168,343,28.5
2025-10-09 00:28:35,39.724686,344,28.58
2025-10-09 00:28:40,39.781944,345,28.67
2025-10-09 00:28:45,39.80465,346,28.75
2025-10-09 00:28:50,39.81199,347,28.83
2025-10-09 00:28:55,39.81199,348,28.92
2025-10-09 00:29:00,39.826168,349,29.0
2025-10-09 00:29:05,39.826168,350,29.08
2025-10-09 00:29:10,39.826168,351,29.17
2025-10-09 00:29:15,39.826168,352,29.25
2025-10-09 00:29:20,39.826168,353,29.33
2025-10-09 00:29:25,39.826168,354,29.42
2025-10-09 00:29:30,39.826168,355,29.5
2025-10-09 00:29:35,39.826168,356,29.58
2025-10-09 00:29:40,39.826168,357,29.67
2025-10-09 00:29:45,39.826168,358,29.75
2025-10-09 00:29:50,39.826168,359,29.83
2025-10-09 00:29:55,39.826168,360,29.92
2025-10-09 00:30:00,39.815647,361,30.0
2025-10-09 00:30:05,39.826168,362,30.08
2025-10-09 00:30:10,39.826168,363,30.17
2025-10-09 00:30:15,39.826168,364,30.25
2025-10-09 00:30:20,39.815647,365,30.33
2025-10-09 00:30:25,39.818676,366,30.42
2025-10-09 00:30:30,39.826168,367,30.5
2025-10-09 00:30:35,39.815647,368,30.58
2025-10-09 00:30:40,39.73887,369,30.67
2025-10-09 00:30:45,39.826168,370,30.75
2025-10-09 00:30:50,39.815647,371,30.83
2025-10-09 00:30:55,39.826168,372,30.92
2025-10-09 00:31:00,39.815647,373,31.0
2025-10-09 00:31:05,39.815495,374,31.08
2025-10-09 00:31:10,39.815495,375,31.17
2025-10-09 00:31:15,39.927334,376,31.25
2025-10-09 00:31:20,39.92367,377,31.33
2025-10-09 00:31:25,39.927483,378,31.42
2025-10-09 00:31:30,39.927334,379,31.5
2025-10-09 00:31:35,40.373314,380,31.58
2025-10-09 00:31:40,39.93179,381,31.67
2025-10-09 00:31:45,39.93179,382,31.75
2025-10-09 00:31:50,39.93179,383,31.83
2025-10-09 00:31:55,39.93179,384,31.92
2025-10-09 00:32:00,39.913113,385,32.0
2025-10-09 00:32:05,39.913113,386,32.08
2025-10-09 00:32:10,39.913265,387,32.17
2025-10-09 00:32:15,39.905773,388,32.25
2025-10-09 00:32:20,39.913265,389,32.33
2025-10-09 00:32:25,39.913265,390,32.42
2025-10-09 00:32:30,39.825966,391,32.5
2025-10-09 00:32:35,39.92918,392,32.58
2025-10-09 00:32:40,39.966537,393,32.67
2025-10-09 00:32:45,39.80143,394,32.75
2025-10-09 00:32:50,39.817497,395,32.83
2025-10-09 00:32:55,39.806976,396,32.92
2025-10-09 00:33:00,39.81734,397,33.0
2025-10-09 00:33:05,39.801277,398,33.08
2025-10-09 00:33:10,39.817497,399,33.17
2025-10-09 00:33:15,39.801277,400,33.25
2025-10-09 00:33:20,39.81734,401,33.33
2025-10-09 00:33:25,39.80143,402,33.42
2025-10-09 00:33:30,39.81734,403,33.5
2025-10-09 00:33:35,39.8118,404,33.58
2025-10-09 00:33:40,39.80682,405,33.67
2025-10-09 00:33:45,39.80682,406,33.75
2025-10-09 00:33:50,39.793938,407,33.83
2025-10-09 00:33:55,39.81195,408,33.92
2025-10-09 00:34:00,39.81195,409,34.0
2025-10-09 00:34:05,39.81195,410,34.08
2025-10-09 00:34:10,39.81195,411,34.17
2025-10-09 00:34:15,39.81195,412,34.25
2025-10-09 00:34:20,39.8118,413,34.33
2025-10-09 00:34:25,39.81195,414,34.42
2025-10-09 00:34:30,39.72465,415,34.5
2025-10-09 00:34:35,39.81195,416,34.58
2025-10-09 00:34:40,39.81195,417,34.67
2025-10-09 00:34:45,39.81195,418,34.75
2025-10-09 00:34:50,39.81195,419,34.83
2025-10-09 00:34:55,39.81195,420,34.92
2025-10-09 00:35:00,39.81195,421,35.0
2025-10-09 00:35:05,39.80446,422,35.08
2025-10-09 00:35:10,39.81195,423,35.17
2025-10-09 00:35:15,39.81195,424,35.25
2025-10-09 00:35:20,39.81195,425,35.33
2025-10-09 00:35:25,39.81195,426,35.42
2025-10-09 00:35:30,39.81195,427,35.5
2025-10-09 00:35:35,39.81195,428,35.58
2025-10-09 00:35:40,39.81195,429,35.67
2025-10-09 00:35:45,39.801277,430,35.75
2025-10-09 00:35:50,39.81195,431,35.83
2025-10-09 00:35:55,39.81195,432,35.92
2025-10-09 00:36:00,39.81195,433,36.0
2025-10-09 00:36:05,39.71625,434,36.08
2025-10-09 00:36:10,39.803555,435,36.17
2025-10-09 00:36:15,39.71625,436,36.25
2025-10-09 00:36:20,39.803555,437,36.33
2025-10-09 00:36:25,39.8034,438,36.42
2025-10-09 00:36:30,39.8034,439,36.5
2025-10-09 00:36:35,39.8034,440,36.58
2025-10-09 00:36:40,39.8034,441,36.67
2025-10-09 00:36:45,39.796062,442,36.75
2025-10-09 00:36:50,39.8034,443,36.83
2025-10-09 00:36:55,39.8034,444,36.92
2025-10-09 00:37:00,39.8034,445,37.0
2025-10-09 00:37:05,39.8034,446,37.08
2025-10-09 00:37:10,39.8034,447,37.17
2025-10-09 00:37:15,39.8034,448,37.25
2025-10-09 00:37:20,39.8034,449,37.33
2025-10-09 00:37:25,39.8034,450,37.42
2025-10-09 00:37:30,39.8034,451,37.5
2025-10-09 00:37:35,39.8034,452,37.58
2025-10-09 00:37:40,39.8034,453,37.67
2025-10-09 00:37:45,39.8034,454,37.75
2025-10-09 00:37:50,39.792877,455,37.83
2025-10-09 00:37:55,39.8034,456,37.92
2025-10-09 00:38:00,39.8034,457,38.0
2025-10-09 00:38:05,39.71625,458,38.08
2025-10-09 00:38:10,39.8034,459,38.17
2025-10-09 00:38:15,39.803555,460,38.25
2025-10-09 00:38:20,39.792877,461,38.33
2025-10-09 00:38:25,39.796215,462,38.42
2025-10-09 00:38:30,39.803555,463,38.5
2025-10-09 00:38:35,39.803555,464,38.58
2025-10-09 00:38:40,39.803555,465,38.67
2025-10-09 00:38:45,39.803555,466,38.75
2025-10-09 00:38:50,39.803555,467,38.83
2025-10-09 00:38:55,39.793034,468,38.92
2025-10-09 00:39:00,39.803555,469,39.0
2025-10-09 00:39:05,39.803555,470,39.08
2025-10-09 00:39:10,39.803555,471,39.17
2025-10-09 00:39:15,39.803555,472,39.25
2025-10-09 00:39:20,39.803555,473,39.33
2025-10-09 00:39:25,39.8034,474,39.42
2025-10-09 00:39:30,39.803555,475,39.5
2025-10-09 00:39:35,39.793034,476,39.58
2025-10-09 00:39:40,39.803555,477,39.67
2025-10-09 00:39:45,39.803555,478,39.75
2025-10-09 00:39:50,39.708916,479,39.83
2025-10-09 00:39:55,39.8034,480,39.92
2025-10-09 00:40:00,39.8034,481,40.0
2025-10-09 00:40:05,39.803555,482,40.08
2025-10-09 00:40:10,39.803555,483,40.17
2025-10-09 00:40:15,39.79785,484,40.25
2025-10-09 00:40:20,39.79785,485,40.33
2025-10-09 00:40:25,39.79785,486,40.42
2025-10-09 00:40:30,39.79785,487,40.5
2025-10-09 00:40:35,39.79785,488,40.58
2025-10-09 00:40:40,39.79785,489,40.67
2025-10-09 00:40:45,39.79785,490,40.75
2025-10-09 00:40:50,39.79785,491,40.83
2025-10-09 00:40:55,39.79785,492,40.92
2025-10-09 00:41:00,39.79785,493,41.0
2025-10-09 00:41:05,39.79785,494,41.08
2025-10-09 00:41:10,39.78733,495,41.17
2025-10-09 00:41:15,39.79785,496,41.25
2025-10-09 00:41:20,39.78733,497,41.33
2025-10-09 00:41:25,39.79785,498,41.42
2025-10-09 00:41:30,39.790516,499,41.5
2025-10-09 00:41:35,39.803555,500,41.58
2025-10-09 00:41:40,39.70573,501,41.67
2025-10-09 00:41:45,39.803555,502,41.75
2025-10-09 00:41:50,39.78733,503,41.83
2025-10-09 00:41:55,39.79785,504,41.92
2025-10-09 00:42:00,39.79785,505,42.0
2025-10-09 00:42:05,39.79785,506,42.08
2025-10-09 00:42:10,39.79785,507,42.17
2025-10-09 00:42:15,39.79785,508,42.25
2025-10-09 00:42:20,39.79785,509,42.33
2025-10-09 00:42:25,39.79785,510,42.42
2025-10-09 00:42:30,39.803555,511,42.5
2025-10-09 00:42:35,39.793034,512,42.58
2025-10-09 00:42:40,39.803555,513,42.67
2025-10-09 00:42:45,39.78733,514,42.75
2025-10-09 00:42:50,39.803555,515,42.83
2025-10-09 00:42:55,39.793034,516,42.92
2025-10-09 00:43:00,39.708916,517,43.0
2025-10-09 00:43:05,39.803555,518,43.08
2025-10-09 00:43:10,39.793034,519,43.17
2025-10-09 00:43:15,39.803555,520,43.25
2025-10-09 00:43:20,39.78733,521,43.33
2025-10-09 00:43:25,39.803555,522,43.42
2025-10-09 00:43:30,39.793034,523,43.5
2025-10-09 00:43:35,39.803555,524,43.58
2025-10-09 00:43:40,39.793034,525,43.67
2025-10-09 00:43:45,39.803555,526,43.75
2025-10-09 00:43:50,39.793034,527,43.83
2025-10-09 00:43:55,39.803555,528,43.92
2025-10-09 00:44:00,39.793034,529,44.0
2025-10-09 00:44:05,39.803555,530,44.08
2025-10-09 00:44:10,39.793034,531,44.17
2025-10-09 00:44:15,39.803555,532,44.25
2025-10-09 00:44:20,39.793034,533,44.33
2025-10-09 00:44:25,39.803555,534,44.42
2025-10-09 00:44:30,39.793034,535,44.5
2025-10-09 00:44:35,39.803555,536,44.58
2025-10-09 00:44:40,39.785694,537,44.67
2025-10-09 00:44:45,39.803555,538,44.75
2025-10-09 00:44:50,39.70573,539,44.83
2025-10-09 00:44:55,39.79785,540,44.92
2025-10-09 00:45:00,39.79785,541,45.0
2025-10-09 00:45:05,39.79785,542,45.08
2025-10-09 00:45:10,39.79785,543,45.17
2025-10-09 00:45:15,39.79785,544,45.25
2025-10-09 00:45:20,39.78733,545,45.33
2025-10-09 00:45:25,39.803555,546,45.42
2025-10-09 00:45:30,39.793034,547,45.5
2025-10-09 00:45:35,39.79785,548,45.58
2025-10-09 00:45:40,39.78733,549,45.67
2025-10-09 00:45:45,39.79785,550,45.75
2025-10-09 00:45:50,39.78733,551,45.83
2025-10-09 00:45:55,39.803555,552,45.92
2025-10-09 00:46:00,39.793034,553,46.0
2025-10-09 00:46:05,39.79785,554,46.08
2025-10-09 00:46:10,39.78733,555,46.17
2025-10-09 00:46:15,39.78733,556,46.25
2025-10-09 00:46:20,39.79785,557,46.33
2025-10-09 00:46:25,39.70573,558,46.42
2025-10-09 00:46:30,39.79785,559,46.5
2025-10-09 00:46:35,39.78733,560,46.58
2025-10-09 00:46:40,39.79785,561,46.67
2025-10-09 00:46:45,39.793034,562,46.75
2025-10-09 00:46:50,39.796215,563,46.83
2025-10-09 00:46:55,39.793034,564,46.92
2025-10-09 00:47:00,39.79785,565,47.0
2025-10-09 00:47:05,39.78733,566,47.08
2025-10-09 00:47:10,39.79785,567,47.17
2025-10-09 00:47:15,39.78733,568,47.25
2025-10-09 00:47:20,39.79785,569,47.33
2025-10-09 00:47:25,39.78733,570,47.42
2025-10-09 00:47:30,39.79785,571,47.5
2025-10-09 00:47:35,39.79785,572,47.58
2025-10-09 00:47:40,39.793034,573,47.67
2025-10-09 00:47:45,39.71625,574,47.75
2025-10-09 00:47:50,39.803555,575,47.83
2025-10-09 00:47:55,39.78733,576,47.92
2025-10-09 00:48:00,39.801266,577,48.0
2025-10-09 00:48:05,39.790745,578,48.08
2025-10-09 00:48:10,39.801266,579,48.17
2025-10-09 00:48:15,39.790745,580,48.25
2025-10-09 00:48:20,39.801266,581,48.33
2025-10-09 00:48:25,39.790745,582,48.42
2025-10-09 00:48:30,39.801266,583,48.5
2025-10-09 00:48:35,39.78911,584,48.58
2025-10-09 00:48:40,39.801266,585,48.67
2025-10-09 00:48:45,39.790745,586,48.75
2025-10-09 00:48:50,39.801266,587,48.83
2025-10-09 00:48:55,39.796448,588,48.92
2025-10-09 00:49:00,39.79963,589,49.0
2025-10-09 00:49:05,39.790745,590,49.08
2025-10-09 00:49:10,39.801266,591,49.17
2025-10-09 00:49:15,39.790745,592,49.25
2025-10-09 00:49:20,39.801266,593,49.33
2025-10-09 00:49:25,39.790745,594,49.42
2025-10-09 00:49:30,39.801266,595,49.5
2025-10-09 00:49:35,39.790745,596,49.58
2025-10-09 00:49:40,39.719666,597,49.67
2025-10-09 00:49:45,39.801266,598,49.75
2025-10-09 00:49:50,39.801266,599,49.83
2025-10-09 00:49:55,39.790745,600,49.92
2025-10-09 00:50:00,39.801266,601,50.0
2025-10-09 00:50:05,39.790745,602,50.08
2025-10-09 00:50:10,39.801266,603,50.17
2025-10-09 00:50:15,39.790745,604,50.25
2025-10-09 00:50:20,39.80697,605,50.33
2025-10-09 00:50:25,39.790745,606,50.42
2025-10-09 00:50:30,39.801266,607,50.5
2025-10-09 00:50:35,39.790745,608,50.58
2025-10-09 00:50:40,39.801266,609,50.67
2025-10-09 00:50:45,39.800434,610,50.75
2025-10-09 00:50:50,39.825443,611,50.83
2025-10-09 00:50:55,39.863274,612,50.92
2025-10-09 00:51:00,39.840782,613,51.0
2025-10-09 00:51:05,39.840782,614,51.08
2025-10-09 00:51:10,39.840782,615,51.17
2025-10-09 00:51:15,39.814137,616,51.25
2025-10-09 00:51:20,39.717144,617,51.33
2025-10-09 00:51:25,39.809265,618,51.42
2025-10-09 00:51:30,39.798744,619,51.5
2025-10-09 00:51:35,39.798744,620,51.58
2025-10-09 00:51:40,39.79272,621,51.67
2025-10-09 00:51:45,39.809265,622,51.75
2025-10-09 00:51:50,39.814137,623,51.83
2025-10-09 00:51:55,39.840782,624,51.92
2025-10-09 00:52:00,39.840782,625,52.0
2025-10-09 00:52:05,39.840782,626,52.08
2025-10-09 00:52:10,39.798744,627,52.17
2025-10-09 00:52:15,39.798744,628,52.25
2025-10-09 00:52:20,39.804447,629,52.33
2025-10-09 00:52:25,39.804447,630,52.42
2025-10-09 00:52:30,39.839146,631,52.5
2025-10-09 00:52:35,39.814137,632,52.58
2025-10-09 00:52:40,39.808437,633,52.67
2025-10-09 00:52:45,39.798744,634,52.75
2025-10-09 00:52:50,39.798744,635,52.83
2025-10-09 00:52:55,39.81896,636,52.92
2025-10-09 00:53:00,39.840782,637,53.0
2025-10-09 00:53:05,39.75918,638,53.08
2025-10-09 00:53:10,39.851303,639,53.17
2025-10-09 00:53:15,39.840782,640,53.25
2025-10-09 00:53:20,39.840782,641,53.33
2025-10-09 00:53:25,39.840782,642,53.42
2025-10-09 00:53:30,39.840782,643,53.5
2025-10-09 00:53:35,39.840782,644,53.58
2025-10-09 00:53:40,39.840782,645,53.67
2025-10-09 00:53:45,39.798744,646,53.75
2025-10-09 00:53:50,39.798744,647,53.83
2025-10-09 00:53:55,39.851303,648,53.92
2025-10-09 00:54:00,39.840782,649,54.0
2025-10-09 00:54:05,39.79272,650,54.08
2025-10-09 00:54:10,39.840782,651,54.17
2025-10-09 00:54:15,39.840782,652,54.25
2025-10-09 00:54:20,39.833443,653,54.33
2025-10-09 00:54:25,39.840782,654,54.42
2025-10-09 00:54:30,39.840782,655,54.5
2025-10-09 00:54:35,39.863625,656,54.58
2025-10-09 00:54:40,39.871273,657,54.67
2025-10-09 00:54:45,39.840782,658,54.75
2025-10-09 00:54:50,39.76709,659,54.83
2025-10-09 00:54:55,39.800194,660,54.92
2025-10-09 00:55:00,39.775867,661,55.0
2025-10-09 00:55:05,39.76887,662,55.08
2025-10-09 00:55:10,39.76887,663,55.17
2025-10-09 00:55:15,39.76887,664,55.25
2025-10-09 00:55:20,39.76887,665,55.33
2025-10-09 00:55:25,39.76887,666,55.42
2025-10-09 00:55:30,39.76887,667,55.5
2025-10-09 00:55:35,39.76887,668,55.58
2025-10-09 00:55:40,39.76887,669,55.67
2025-10-09 00:55:45,39.732376,670,55.75
2025-10-09 00:55:50,39.774418,671,55.83
2025-10-09 00:55:55,39.76153,672,55.92
2025-10-09 00:56:00,39.76887,673,56.0
2025-10-09 00:56:05,39.76887,674,56.08
2025-10-09 00:56:10,39.76887,675,56.17
2025-10-09 00:56:15,39.720806,676,56.25
2025-10-09 00:56:20,39.76887,677,56.33
2025-10-09 00:56:25,39.75835,678,56.42
2025-10-09 00:56:30,39.76887,679,56.5
2025-10-09 00:56:35,39.726833,680,56.58
2025-10-09 00:56:40,39.726833,681,56.67
2025-10-09 00:56:45,39.736523,682,56.75
2025-10-09 00:56:50,39.76887,683,56.83
2025-10-09 00:56:55,39.76887,684,56.92
2025-10-09 00:57:00,39.76887,685,57.0
2025-10-09 00:57:05,39.76887,686,57.08
2025-10-09 00:57:10,39.76887,687,57.17
2025-10-09 00:57:15,39.76887,688,57.25
2025-10-09 00:57:20,39.76887,689,57.33
2025-10-09 00:57:25,39.76153,690,57.42
2025-10-09 00:57:30,39.76887,691,57.5
2025-10-09 00:57:35,39.76887,692,57.58
2025-10-09 00:57:40,39.76887,693,57.67
2025-10-09 00:57:45,39.76887,694,57.75
2025-10-09 00:57:50,39.76887,695,57.83
2025-10-09 00:57:55,39.736523,696,57.92
2025-10-09 00:58:00,39.76887,697,58.0
2025-10-09 00:58:05,39.76887,698,58.08
2025-10-09 00:58:10,39.75835,699,58.17
2025-10-09 00:58:15,39.76887,700,58.25
2025-10-09 00:58:20,39.76887,701,58.33
2025-10-09 00:58:25,39.76887,702,58.42
2025-10-09 00:58:30,39.76887,703,58.5
2025-10-09 00:58:35,39.720806,704,58.58
2025-10-09 00:58:40,39.76887,705,58.67
2025-10-09 00:58:45,39.76887,706,58.75
2025-10-09 00:58:50,39.76887,707,58.83
2025-10-09 00:58:55,39.76887,708,58.92
2025-10-09 00:59:00,39.76995,709,59.0
2025-10-09 00:59:05,39.76995,710,59.08
2025-10-09 00:59:10,39.76995,711,59.17
2025-10-09 00:59:15,39.76995,712,59.25
2025-10-09 00:59:20,39.76261,713,59.33
2025-10-09 00:59:25,39.76995,714,59.42
2025-10-09 00:59:30,39.73761,715,59.5
2025-10-09 00:59:35,39.76995,716,59.58
2025-10-09 00:59:40,39.727913,717,59.67
2025-10-09 00:59:45,39.727913,718,59.75
2025-10-09 00:59:50,39.76995,719,59.83
2025-10-09 00:59:55,39.759426,720,59.92
2025-10-09 01:00:00,39.72306,721,60.0
2025-10-09 01:00:05,39.796753,722,60.08
2025-10-09 01:00:10,39.744198,723,60.17
2025-10-09 01:00:15,39.74869,724,60.25
2025-10-09 01:00:20,39.796753,725,60.33
2025-10-09 01:00:25,39.786232,726,60.42
2025-10-09 01:00:30,39.786232,727,60.5
2025-10-09 01:00:35,39.786232,728,60.58
2025-10-09 01:00:40,39.786232,729,60.67
2025-10-09 01:00:45,39.786232,730,60.75
2025-10-09 01:00:50,39.786232,731,60.83
2025-10-09 01:00:55,39.73817,732,60.92
2025-10-09 01:01:00,39.802452,733,61.0
2025-10-09 01:01:05,39.79193,734,61.08
2025-10-09 01:01:10,39.79193,735,61.17
2025-10-09 01:01:15,39.784595,736,61.25
2025-10-09 01:01:20,39.79193,737,61.33
2025-10-09 01:01:25,39.79193,738,61.42
2025-10-09 01:01:30,39.759586,739,61.5
2025-10-09 01:01:35,39.802452,740,61.58
2025-10-09 01:01:40,39.79193,741,61.67
2025-10-09 01:01:45,39.79193,742,61.75
2025-10-09 01:01:50,39.743874,743,61.83
2025-10-09 01:01:55,39.802452,744,61.92
2025-10-09 01:02:00,39.814777,745,62.0
2025-10-09 01:02:05,39.749897,746,62.08
2025-10-09 01:02:10,39.832947,747,62.17
2025-10-09 01:02:15,39.79193,748,62.25
2025-10-09 01:02:20,39.79193,749,62.33
2025-10-09 01:02:25,39.79193,750,62.42
2025-10-09 01:02:30,39.79193,751,62.5
2025-10-09 01:02:35,39.79193,752,62.58
2025-10-09 01:02:40,39.79193,753,62.67
2025-10-09 01:02:45,39.749897,754,62.75
2025-10-09 01:02:50,39.770107,755,62.83
2025-10-09 01:02:55,39.742558,756,62.92
2025-10-09 01:03:00,39.79193,757,63.0
2025-10-09 01:03:05,39.749897,758,63.08
2025-10-09 01:03:10,39.760414,759,63.17
2025-10-09 01:03:15,39.749897,760,63.25
2025-10-09 01:03:20,39.760414,761,63.33
2025-10-09 01:03:25,39.760414,762,63.42
2025-10-09 01:03:30,39.760414,763,63.5
2025-10-09 01:03:35,39.770107,764,63.58
2025-10-09 01:03:40,39.743874,765,63.67
2025-10-09 01:03:45,39.770107,766,63.75
2025-10-09 01:03:50,39.759586,767,63.83
2025-10-09 01:03:55,39.760414,768,63.92
2025-10-09 01:04:00,39.760414,769,64.0
2025-10-09 01:04:05,39.760414,770,64.08
2025-10-09 01:04:10,39.760414,771,64.17
2025-10-09 01:04:15,39.760414,772,64.25
2025-10-09 01:04:20,39.760414,773,64.33
2025-10-09 01:04:25,39.760414,774,64.42
2025-10-09 01:04:30,39.770107,775,64.5
2025-10-09 01:04:35,39.784595,776,64.58
2025-10-09 01:04:40,39.79193,777,64.67
2025-10-09 01:04:45,39.79193,778,64.75
2025-10-09 01:04:50,39.79193,779,64.83
2025-10-09 01:04:55,39.79193,780,64.92
2025-10-09 01:05:00,39.79193,781,65.0
2025-10-09 01:05:05,39.79193,782,65.08
2025-10-09 01:05:10,39.802452,783,65.17
2025-10-09 01:05:15,39.79193,784,65.25
2025-10-09 01:05:20,39.743874,785,65.33
2025-10-09 01:05:25,39.802452,786,65.42
2025-10-09 01:05:30,39.79193,787,65.5
2025-10-09 01:05:35,39.79193,788,65.58
2025-10-09 01:05:40,39.79193,789,65.67
2025-10-09 01:05:45,39.79193,790,65.75
2025-10-09 01:05:50,39.786232,791,65.83
2025-10-09 01:05:55,39.786232,792,65.92
2025-10-09 01:06:00,39.787064,793,66.0
2025-10-09 01:06:05,39.797585,794,66.08
2025-10-09 01:06:10,39.787064,795,66.17
2025-10-09 01:06:15,39.797585,796,66.25
2025-10-09 01:06:20,39.737686,797,66.33
2025-10-09 01:06:25,39.76524,798,66.42
2025-10-09 01:06:30,39.797585,799,66.5
2025-10-09 01:06:35,39.74503,800,66.58
2025-10-09 01:06:40,39.797585,801,66.67
2025-10-09 01:06:45,39.74503,802,66.75
2025-10-09 01:06:50,39.75555,803,66.83
2025-10-09 01:06:55,39.80991,804,66.92
2025-10-09 01:07:00,39.799965,805,67.0
2025-10-09 01:07:05,39.762424,806,67.08
2025-10-09 01:07:10,39.799965,807,67.17
2025-10-09 01:07:15,39.810486,808,67.25
2025-10-09 01:07:20,39.76762,809,67.33
2025-10-09 01:07:25,39.768448,810,67.42
2025-10-09 01:07:30,39.768448,811,67.5
2025-10-09 01:07:35,39.768448,812,67.58
2025-10-09 01:07:40,39.768448,813,67.67
2025-10-09 01:07:45,39.768448,814,67.75
2025-10-09 01:07:50,39.799965,815,67.83
2025-10-09 01:07:55,39.76762,816,67.92
2025-10-09 01:08:00,39.76028,817,68.0
2025-10-09 01:08:05,39.810486,818,68.08
2025-10-09 01:08:10,39.76762,819,68.17
2025-10-09 01:08:15,39.757927,820,68.25
2025-10-09 01:08:20,39.76762,821,68.33
2025-10-09 01:08:25,39.76762,822,68.42
2025-10-09 01:08:30,39.757927,823,68.5
2025-10-09 01:08:35,39.810486,824,68.58
2025-10-09 01:08:40,39.799965,825,68.67
2025-10-09 01:08:45,39.799965,826,68.75
2025-10-09 01:08:50,39.799965,827,68.83
2025-10-09 01:08:55,39.799965,828,68.92
2025-10-09 01:09:00,39.751904,829,69.0
2025-10-09 01:09:05,39.77814,830,69.08
2025-10-09 01:09:10,39.799965,831,69.17
2025-10-09 01:09:15,39.799965,832,69.25
2025-10-09 01:09:20,39.76762,833,69.33
2025-10-09 01:09:25,39.76762,834,69.42
2025-10-09 01:09:30,39.76762,835,69.5
2025-10-09 01:09:35,39.810486,836,69.58
2025-10-09 01:09:40,39.76762,837,69.67
2025-10-09 01:09:45,39.76111,838,69.75
2025-10-09 01:09:50,39.77814,839,69.83
2025-10-09 01:09:55,39.768448,840,69.92
2025-10-09 01:10:00,39.802486,841,70.0
2025-10-09 01:10:05,39.759617,842,70.08
2025-10-09 01:10:10,39.802486,843,70.17
2025-10-09 01:10:15,39.791965,844,70.25
2025-10-09 01:10:20,39.791965,845,70.33
2025-10-09 01:10:25,39.749928,846,70.42
2025-10-09 01:10:30,39.76045,847,70.5
2025-10-09 01:10:35,39.76045,848,70.58
2025-10-09 01:10:40,39.76045,849,70.67
2025-10-09 01:10:45,39.76045,850,70.75
2025-10-09 01:10:50,39.76045,851,70.83
2025-10-09 01:10:55,39.76045,852,70.92
2025-10-09 01:11:00,39.76045,853,71.0
2025-10-09 01:11:05,39.770138,854,71.08
2025-10-09 01:11:10,39.76045,855,71.17
2025-10-09 01:11:15,39.802486,856,71.25
2025-10-09 01:11:20,39.749928,857,71.33
2025-10-09 01:11:25,39.749928,858,71.42
2025-10-09 01:11:30,39.76045,859,71.5
2025-10-09 01:11:35,39.76045,860,71.58
2025-10-09 01:11:40,39.742588,861,71.67
2025-10-09 01:11:45,39.76045,862,71.75
2025-10-09 01:11:50,39.749928,863,71.83
2025-10-09 01:11:55,39.76045,864,71.92
2025-10-09 01:12:00,39.76045,865,72.0
2025-10-09 01:12:05,39.76045,866,72.08
2025-10-09 01:12:10,39.76045,867,72.17
2025-10-09 01:12:15,39.76045,868,72.25
2025-10-09 01:12:20,39.76045,869,72.33
2025-10-09 01:12:25,39.76045,870,72.42
2025-10-09 01:12:30,39.76045,871,72.5
2025-10-09 01:12:35,39.76045,872,72.58
2025-10-09 01:12:40,39.76045,873,72.67
2025-10-09 01:12:45,39.76045,874,72.75
2025-10-09 01:12:50,39.76045,875,72.83
2025-10-09 01:12:55,39.76045,876,72.92
2025-10-09 01:13:00,39.729744,877,73.0
2025-10-09 01:13:05,39.79447,878,73.08
2025-10-09 01:13:10,39.836506,879,73.17
2025-10-09 01:13:15,39.79364,880,73.25
2025-10-09 01:13:20,39.825985,881,73.33
2025-10-09 01:13:25,39.825985,882,73.42
2025-10-09 01:13:30,39.786304,883,73.5
2025-10-09 01:13:35,39.78395,884,73.58
2025-10-09 01:13:40,39.836506,885,73.67
2025-10-09 01:13:45,39.825985,886,73.75
2025-10-09 01:13:50,39.79364,887,73.83
2025-10-09 01:13:55,39.836506,888,73.92
2025-10-09 01:14:00,39.825985,889,74.0
2025-10-09 01:14:05,39.79364,890,74.08
2025-10-09 01:14:10,39.78395,891,74.17
2025-10-09 01:14:15,39.79447,892,74.25
2025-10-09 01:14:20,39.836506,893,74.33
2025-10-09 01:14:25,39.719223,894,74.42
2025-10-09 01:14:30,39.800014,895,74.5
2025-10-09 01:14:35,39.719223,896,74.58
2025-10-09 01:14:40,39.80416,897,74.67
2025-10-09 01:14:45,39.825985,898,74.75
2025-10-09 01:14:50,39.78395,899,74.83
2025-10-09 01:14:55,39.78395,900,74.92
2025-10-09 01:15:00,39.79364,901,75.0
2025-10-09 01:15:05,39.787132,902,75.08
2025-10-09 01:15:10,39.78395,903,75.17
2025-10-09 01:15:15,39.836506,904,75.25
2025-10-09 01:15:20,39.825985,905,75.33
2025-10-09 01:15:25,39.825985,906,75.42
2025-10-09 01:15:30,39.825985,907,75.5
2025-10-09 01:15:35,39.79364,908,75.58
2025-10-09 01:15:40,39.719223,909,75.67
2025-10-09 01:15:45,39.729744,910,75.75
2025-10-09 01:15:50,39.836506,911,75.83
2025-10-09 01:15:55,39.825985,912,75.92
2025-10-09 01:16:00,39.79364,913,76.0
2025-10-09 01:16:05,39.79364,914,76.08
2025-10-09 01:16:10,39.825985,915,76.17
2025-10-09 01:16:15,39.79364,916,76.25
2025-10-09 01:16:20,39.80416,917,76.33
2025-10-09 01:16:25,39.719223,918,76.42
2025-10-09 01:16:30,39.842052,919,76.5
2025-10-09 01:16:35,39.825985,920,76.58
2025-10-09 01:16:40,39.825985,921,76.67
2025-10-09 01:16:45,39.825985,922,76.75
2025-10-09 01:16:50,39.825985,923,76.83
2025-10-09 01:16:55,39.79364,924,76.92
2025-10-09 01:17:00,39.78395,925,77.0
2025-10-09 01:17:05,39.81865,926,77.08
2025-10-09 01:17:10,39.79364,927,77.17
2025-10-09 01:17:15,39.825985,928,77.25
2025-10-09 01:17:20,39.78395,929,77.33
2025-10-09 01:17:25,39.825985,930,77.42
2025-10-09 01:17:30,39.825985,931,77.5
2025-10-09 01:17:35,39.825985,932,77.58
2025-10-09 01:17:40,39.78395,933,77.67
2025-10-09 01:17:45,39.825985,934,77.75
2025-10-09 01:17:50,39.825985,935,77.83
2025-10-09 01:17:55,39.825985,936,77.92
2025-10-09 01:18:00,39.759617,937,78.0
2025-10-09 01:18:05,39.791965,938,78.08
2025-10-09 01:18:10,39.802486,939,78.17
2025-10-09 01:18:15,39.76045,940,78.25
2025-10-09 01:18:20,39.802486,941,78.33
2025-10-09 01:18:25,39.802486,942,78.42
2025-10-09 01:18:30,39.802486,943,78.5
2025-10-09 01:18:35,39.791965,944,78.58
2025-10-09 01:18:40,39.791965,945,78.67
2025-10-09 01:18:45,39.802486,946,78.75
2025-10-09 01:18:50,39.802486,947,78.83
2025-10-09 01:18:55,39.791965,948,78.92
2025-10-09 01:19:00,39.802486,949,79.0
2025-10-09 01:19:05,39.802486,950,79.08
2025-10-09 01:19:10,39.75228,951,79.17
2025-10-09 01:19:15,39.802486,952,79.25
2025-10-09 01:19:20,39.791965,953,79.33
2025-10-09 01:19:25,39.76045,954,79.42
2025-10-09 01:19:30,39.749928,955,79.5
2025-10-09 01:19:35,39.76045,956,79.58
2025-10-09 01:19:40,39.749928,957,79.67
2025-10-09 01:19:45,39.76045,958,79.75
2025-10-09 01:19:50,39.770138,959,79.83
2025-10-09 01:19:55,39.76045,960,79.92
2025-10-09 01:20:00,39.802486,961,80.0
2025-10-09 01:20:05,39.749928,962,80.08
2025-10-09 01:20:10,39.76045,963,80.17
2025-10-09 01:20:15,39.802486,964,80.25
2025-10-09 01:20:20,39.76045,965,80.33
2025-10-09 01:20:25,39.76045,966,80.42
2025-10-09 01:20:30,39.770138,967,80.5
2025-10-09 01:20:35,39.76045,968,80.58
2025-10-09 01:20:40,39.802486,969,80.67
2025-10-09 01:20:45,39.78463,970,80.75
2025-10-09 01:20:50,39.822456,971,80.83
2025-10-09 01:20:55,39.832977,972,80.92
2025-10-09 01:21:00,39.822456,973,81.0
2025-10-09 01:21:05,39.814808,974,81.08
2025-10-09 01:21:10,39.749928,975,81.17
2025-10-09 01:21:15,39.802486,976,81.25
2025-10-09 01:21:20,39.791965,977,81.33
2025-10-09 01:21:25,39.76045,978,81.42
2025-10-09 01:21:30,39.822456,979,81.5
2025-10-09 01:21:35,39.802486,980,81.58
2025-10-09 01:21:40,39.82533,981,81.67
2025-10-09 01:21:45,39.802486,982,81.75
2025-10-09 01:21:50,39.802486,983,81.83
2025-10-09 01:21:55,39.802486,984,81.92
2025-10-09 01:22:00,39.791965,985,82.0
2025-10-09 01:22:05,39.791965,986,82.08
2025-10-09 01:22:10,39.802486,987,82.17
2025-10-09 01:22:15,39.791965,988,82.25
2025-10-09 01:22:20,39.802486,989,82.33
2025-10-09 01:22:25,39.759617,990,82.42
2025-10-09 01:22:30,39.802486,991,82.5
2025-10-09 01:22:35,39.795147,992,82.58
2025-10-09 01:22:40,39.802486,993,82.67
2025-10-09 01:22:45,39.791965,994,82.75
2025-10-09 01:22:50,39.802486,995,82.83
2025-10-09 01:22:55,39.802486,996,82.92
2025-10-09 01:23:00,39.82533,997,83.0
2025-10-09 01:23:05,39.749928,998,83.08
2025-10-09 01:23:10,39.802486,999,83.17
2025-10-09 01:23:15,39.814808,1000,83.25
2025-10-09 01:23:20,39.791965,1001,83.33
2025-10-09 01:23:25,39.802486,1002,83.42
2025-10-09 01:23:30,39.791965,1003,83.5
2025-10-09 01:23:35,39.802486,1004,83.58
2025-10-09 01:23:40,39.791965,1005,83.67
2025-10-09 01:23:45,39.822456,1006,83.75
2025-10-09 01:23:50,39.791965,1007,83.83
2025-10-09 01:23:55,39.802486,1008,83.92
2025-10-09 01:24:00,39.779064,1009,84.0
2025-10-09 01:24:05,39.82008,1010,84.08
2025-10-09 01:24:10,39.779064,1011,84.17
2025-10-09 01:24:15,39.779064,1012,84.25
2025-10-09 01:24:20,39.789585,1013,84.33
2025-10-09 01:24:25,39.789585,1014,84.42
2025-10-09 01:24:30,39.779064,1015,84.5
2025-10-09 01:24:35,39.779064,1016,84.58
2025-10-09 01:24:40,39.737034,1017,84.67
2025-10-09 01:24:45,39.74755,1018,84.75
2025-10-09 01:24:50,39.74755,1019,84.83
2025-10-09 01:24:55,39.74021,1020,84.92
2025-10-09 01:25:00,39.789585,1021,85.0
2025-10-09 01:25:05,39.789585,1022,85.08
2025-10-09 01:25:10,39.779064,1023,85.17
2025-10-09 01:25:15,39.737034,1024,85.25
2025-10-09 01:25:20,39.789585,1025,85.33
2025-10-09 01:25:25,39.779064,1026,85.42
2025-10-09 01:25:30,39.737034,1027,85.5
2025-10-09 01:25:35,39.74755,1028,85.58
2025-10-09 01:25:40,39.74755,1029,85.67
2025-10-09 01:25:45,39.75724,1030,85.75
2025-10-09 01:25:50,39.75724,1031,85.83
2025-10-09 01:25:55,39.74755,1032,85.92
2025-10-09 01:26:00,39.74755,1033,86.0
2025-10-09 01:26:05,39.75724,1034,86.08
2025-10-09 01:26:10,39.789585,1035,86.17
2025-10-09 01:26:15,39.779064,1036,86.25
2025-10-09 01:26:20,39.789585,1037,86.33
2025-10-09 01:26:25,39.74755,1038,86.42
2025-10-09 01:26:30,39.74755,1039,86.5
2025-10-09 01:26:35,39.74755,1040,86.58
2025-10-09 01:26:40,39.74755,1041,86.67
2025-10-09 01:26:45,39.74021,1042,86.75
2025-10-09 01:26:50,39.74755,1043,86.83
2025-10-09 01:26:55,39.74755,1044,86.92
2025-10-09 01:27:00,39.74755,1045,87.0
2025-10-09 01:27:05,39.74755,1046,87.08
2025-10-09 01:27:10,39.74755,1047,87.17
2025-10-09 01:27:15,39.74755,1048,87.25
2025-10-09 01:27:20,39.74755,1049,87.33
2025-10-09 01:27:25,39.74755,1050,87.42
2025-10-09 01:27:30,39.74755,1051,87.5
2025-10-09 01:27:35,39.75724,1052,87.58
2025-10-09 01:27:40,39.74755,1053,87.67
2025-10-09 01:27:45,39.74755,1054,87.75
2025-10-09 01:27:50,39.74755,1055,87.83
2025-10-09 01:27:55,39.74755,1056,87.92
2025-10-09 01:28:00,39.74755,1057,88.0
2025-10-09 01:28:05,39.74755,1058,88.08
2025-10-09 01:28:10,39.74755,1059,88.17
2025-10-09 01:28:15,39.74755,1060,88.25
2025-10-09 01:28:20,39.74755,1061,88.33
2025-10-09 01:28:25,39.74755,1062,88.42
2025-10-09 01:28:30,39.74755,1063,88.5
2025-10-09 01:28:35,39.74021,1064,88.58
2025-10-09 01:28:40,39.74755,1065,88.67
2025-10-09 01:28:45,39.74755,1066,88.75
2025-10-09 01:28:50,39.74755,1067,88.83
2025-10-09 01:28:55,39.74755,1068,88.92
2025-10-09 01:29:00,39.76173,1069,89.0
2025-10-09 01:29:05,39.76173,1070,89.08
2025-10-09 01:29:10,39.76173,1071,89.17
2025-10-09 01:29:15,39.76173,1072,89.25
2025-10-09 01:29:20,39.76173,1073,89.33
2025-10-09 01:29:25,39.76173,1074,89.42
2025-10-09 01:29:30,39.76173,1075,89.5
2025-10-09 01:29:35,39.76173,1076,89.58
2025-10-09 01:29:40,39.76173,1077,89.67
2025-10-09 01:29:45,39.75121,1078,89.75
2025-10-09 01:29:50,39.75121,1079,89.83
2025-10-09 01:29:55,39.75121,1080,89.92
2025-10-09 01:30:00,39.75121,1081,90.0
2025-10-09 01:30:05,39.76173,1082,90.08
2025-10-09 01:30:10,39.771423,1083,90.17
2025-10-09 01:30:15,39.76173,1084,90.25
2025-10-09 01:30:20,39.75121,1085,90.33
2025-10-09 01:30:25,39.76173,1086,90.42
2025-10-09 01:30:30,39.76173,1087,90.5
2025-10-09 01:30:35,39.75121,1088,90.58
2025-10-09 01:30:40,39.74387,1089,90.67
2025-10-09 01:30:45,39.76173,1090,90.75
2025-10-09 01:30:50,39.75121,1091,90.83
2025-10-09 01:30:55,39.76173,1092,90.92
2025-10-09 01:31:00,39.75121,1093,91.0
2025-10-09 01:31:05,39.768623,1094,91.08
2025-10-09 01:31:10,39.768623,1095,91.17
2025-10-09 01:31:15,39.779144,1096,91.25
2025-10-09 01:31:20,39.768623,1097,91.33
2025-10-09 01:31:25,39.76173,1098,91.42
2025-10-09 01:31:30,39.768623,1099,91.5
2025-10-09 01:31:35,39.768623,1100,91.58
2025-10-09 01:31:40,39.768623,1101,91.67
2025-10-09 01:31:45,39.768623,1102,91.75
2025-10-09 01:31:50,39.768623,1103,91.83
2025-10-09 01:31:55,39.768623,1104,91.92
2025-10-09 01:32:00,39.732533,1105,92.0
2025-10-09 01:32:05,39.743053,1106,92.08
2025-10-09 01:32:10,39.743053,1107,92.17
2025-10-09 01:32:15,39.743053,1108,92.25
2025-10-09 01:32:20,39.743053,1109,92.33
2025-10-09 01:32:25,39.743053,1110,92.42
2025-10-09 01:32:30,39.735718,1111,92.5
2025-10-09 01:32:35,39.743053,1112,92.58
2025-10-09 01:32:40,39.743053,1113,92.67
2025-10-09 01:32:45,39.743053,1114,92.75
2025-10-09 01:32:50,39.743053,1115,92.83
2025-10-09 01:32:55,39.743053,1116,92.92
2025-10-09 01:33:00,39.743053,1117,93.0
2025-10-09 01:33:05,39.743053,1118,93.08
2025-10-09 01:33:10,39.743053,1119,93.17
2025-10-09 01:33:15,39.743053,1120,93.25
2025-10-09 01:33:20,39.743053,1121,93.33
2025-10-09 01:33:25,39.743053,1122,93.42
2025-10-09 01:33:30,39.743053,1123,93.5
2025-10-09 01:33:35,39.743053,1124,93.58
2025-10-09 01:33:40,39.732533,1125,93.67
2025-10-09 01:33:45,39.743053,1126,93.75
2025-10-09 01:33:50,39.743053,1127,93.83
2025-10-09 01:33:55,39.743053,1128,93.92
2025-10-09 01:34:00,39.743053,1129,94.0
2025-10-09 01:34:05,39.743053,1130,94.08
2025-10-09 01:34:10,39.743053,1131,94.17
2025-10-09 01:34:15,39.743053,1132,94.25
2025-10-09 01:34:20,39.743053,1133,94.33
2025-10-09 01:34:25,39.743053,1134,94.42
2025-10-09 01:34:30,39.735718,1135,94.5
2025-10-09 01:34:35,39.743053,1136,94.58
2025-10-09 01:34:40,39.752747,1137,94.67
2025-10-09 01:34:45,39.743053,1138,94.75
2025-10-09 01:34:50,39.743053,1139,94.83
2025-10-09 01:34:55,39.743053,1140,94.92
2025-10-09 01:35:00,39.743053,1141,95.0
2025-10-09 01:35:05,39.743053,1142,95.08
2025-10-09 01:35:10,39.743053,1143,95.17
2025-10-09 01:35:15,39.743053,1144,95.25
2025-10-09 01:35:20,39.743053,1145,95.33
2025-10-09 01:35:25,39.743053,1146,95.42
2025-10-09 01:35:30,39.743053,1147,95.5
2025-10-09 01:35:35,39.78509,1148,95.58
2025-10-09 01:35:40,39.77457,1149,95.67
2025-10-09 01:35:45,39.732533,1150,95.75
2025-10-09 01:35:50,39.743053,1151,95.83
2025-10-09 01:35:55,39.743053,1152,95.92
2025-10-09 01:36:00,39.743053,1153,96.0
2025-10-09 01:36:05,39.745407,1154,96.08
2025-10-09 01:36:10,39.743053,1155,96.17
2025-10-09 01:36:15,39.735718,1156,96.25
2025-10-09 01:36:20,39.78509,1157,96.33
2025-10-09 01:36:25,39.732533,1158,96.42
2025-10-09 01:36:30,39.743053,1159,96.5
2025-10-09 01:36:35,39.743053,1160,96.58
2025-10-09 01:36:40,39.743053,1161,96.67
2025-10-09 01:36:45,39.743053,1162,96.75
2025-10-09 01:36:50,39.743053,1163,96.83
2025-10-09 01:36:55,39.743053,1164,96.92
2025-10-09 01:37:00,39.743053,1165,97.0
2025-10-09 01:37:05,39.732533,1166,97.08
2025-10-09 01:37:10,39.743053,1167,97.17
2025-10-09 01:37:15,39.732533,1168,97.25
2025-10-09 01:37:20,39.743053,1169,97.33
2025-10-09 01:37:25,39.732533,1170,97.42
2025-10-09 01:37:30,39.743053,1171,97.5
2025-10-09 01:37:35,39.732533,1172,97.58
2025-10-09 01:37:40,39.743053,1173,97.67
2025-10-09 01:37:45,39.732533,1174,97.75
2025-10-09 01:37:50,39.743053,1175,97.83
2025-10-09 01:37:55,39.732533,1176,97.92
2025-10-09 01:38:00,39.743053,1177,98.0
2025-10-09 01:38:05,39.725197,1178,98.08
2025-10-09 01:38:10,39.743053,1179,98.17
2025-10-09 01:38:15,39.732533,1180,98.25
2025-10-09 01:38:20,39.743053,1181,98.33
2025-10-09 01:38:25,39.732533,1182,98.42
2025-10-09 01:38:30,39.743053,1183,98.5
2025-10-09 01:38:35,39.732533,1184,98.58
2025-10-09 01:38:40,39.743053,1185,98.67
2025-10-09 01:38:45,39.732533,1186,98.75
2025-10-09 01:38:50,39.743053,1187,98.83
2025-10-09 01:38:55,39.732533,1188,98.92
2025-10-09 01:39:00,39.743053,1189,99.0
2025-10-09 01:39:05,39.732533,1190,99.08
2025-10-09 01:39:10,39.743053,1191,99.17
2025-10-09 01:39:15,39.732533,1192,99.25
2025-10-09 01:39:20,39.743053,1193,99.33
2025-10-09 01:39:25,39.732533,1194,99.42
2025-10-09 01:39:30,39.743053,1195,99.5
2025-10-09 01:39:35,39.732533,1196,99.58
2025-10-09 01:39:40,39.743053,1197,99.67
2025-10-09 01:39:45,39.743053,1198,99.75
2025-10-09 01:39:50,39.725197,1199,99.83
2025-10-09 01:39:55,39.743053,1200,99.92
2025-10-09 01:40:00,39.732533,1201,100.0
2025-10-09 01:40:05,39.743053,1202,100.08
2025-10-09 01:40:10,39.732533,1203,100.17
2025-10-09 01:40:15,39.743053,1204,100.25
2025-10-09 01:40:20,39.732533,1205,100.33
2025-10-09 01:40:25,39.743053,1206,100.42
2025-10-09 01:40:30,39.732533,1207,100.5
2025-10-09 01:40:35,39.743053,1208,100.58
2025-10-09 01:40:40,39.743053,1209,100.67
2025-10-09 01:40:45,39.743053,1210,100.75
2025-10-09 01:40:50,39.732533,1211,100.83
2025-10-09 01:40:55,39.743053,1212,100.92
2025-10-09 01:41:00,39.732533,1213,101.0
2025-10-09 01:41:05,39.743053,1214,101.08
2025-10-09 01:41:10,39.743053,1215,101.17
2025-10-09 01:41:15,39.732533,1216,101.25
2025-10-09 01:41:20,39.743053,1217,101.33
2025-10-09 01:41:25,39.743053,1218,101.42
2025-10-09 01:41:30,39.732533,1219,101.5
2025-10-09 01:41:35,39.743053,1220,101.58
2025-10-09 01:41:40,39.725197,1221,101.67
2025-10-09 01:41:45,39.743053,1222,101.75
2025-10-09 01:41:50,39.732533,1223,101.83
2025-10-09 01:41:55,39.743053,1224,101.92
2025-10-09 01:42:00,39.732533,1225,102.0
2025-10-09 01:42:05,39.743053,1226,102.08
2025-10-09 01:42:10,39.732533,1227,102.17
2025-10-09 01:42:15,39.743053,1228,102.25
2025-10-09 01:42:20,39.732533,1229,102.33
2025-10-09 01:42:25,39.743053,1230,102.42
2025-10-09 01:42:30,39.732533,1231,102.5
2025-10-09 01:42:35,39.743053,1232,102.58
2025-10-09 01:42:40,39.732533,1233,102.67
2025-10-09 01:42:45,39.743053,1234,102.75
2025-10-09 01:42:50,39.732533,1235,102.83
2025-10-09 01:42:55,39.743053,1236,102.92
2025-10-09 01:43:00,39.725197,1237,103.0
2025-10-09 01:43:05,39.743053,1238,103.08
2025-10-09 01:43:10,39.732533,1239,103.17
2025-10-09 01:43:15,39.743053,1240,103.25
2025-10-09 01:43:20,39.732533,1241,103.33
2025-10-09 01:43:25,39.743053,1242,103.42
2025-10-09 01:43:30,39.732533,1243,103.5
2025-10-09 01:43:35,39.743053,1244,103.58
2025-10-09 01:43:40,39.732533,1245,103.67
2025-10-09 01:43:45,39.743053,1246,103.75
2025-10-09 01:43:50,39.732533,1247,103.83
2025-10-09 01:43:55,39.743053,1248,103.92
2025-10-09 01:44:00,39.732533,1249,104.0
2025-10-09 01:44:05,39.743053,1250,104.08
2025-10-09 01:44:10,39.732533,1251,104.17
2025-10-09 01:44:15,39.743053,1252,104.25
2025-10-09 01:44:20,39.732533,1253,104.33
2025-10-09 01:44:25,39.743053,1254,104.42
2025-10-09 01:44:30,39.732533,1255,104.5
2025-10-09 01:44:35,39.743053,1256,104.58
2025-10-09 01:44:40,39.732533,1257,104.67
2025-10-09 01:44:45,39.743053,1258,104.75
2025-10-09 01:44:50,39.725197,1259,104.83
2025-10-09 01:44:55,39.732533,1260,104.92
2025-10-09 01:45:00,39.743053,1261,105.0
2025-10-09 01:45:05,39.732533,1262,105.08
2025-10-09 01:45:10,39.743053,1263,105.17
2025-10-09 01:45:15,39.732533,1264,105.25
2025-10-09 01:45:20,39.743053,1265,105.33
2025-10-09 01:45:25,39.732533,1266,105.42
2025-10-09 01:45:30,39.743053,1267,105.5
2025-10-09 01:45:35,39.732533,1268,105.58
2025-10-09 01:45:40,39.743053,1269,105.67
2025-10-09 01:45:45,39.732533,1270,105.75
2025-10-09 01:45:50,39.743053,1271,105.83
2025-10-09 01:45:55,39.732533,1272,105.92
2025-10-09 01:46:00,39.743053,1273,106.0
2025-10-09 01:46:05,39.732533,1274,106.08
2025-10-09 01:46:10,39.743053,1275,106.17
2025-10-09 01:46:15,39.732533,1276,106.25
2025-10-09 01:46:20,39.732533,1277,106.33
2025-10-09 01:46:25,39.735718,1278,106.42
2025-10-09 01:46:30,39.743053,1279,106.5
2025-10-09 01:46:35,39.732533,1280,106.58
2025-10-09 01:46:40,39.743053,1281,106.67
2025-10-09 01:46:45,39.732533,1282,106.75
2025-10-09 01:46:50,39.743053,1283,106.83
2025-10-09 01:46:55,39.732533,1284,106.92
2025-10-09 01:47:00,39.743053,1285,107.0
2025-10-09 01:47:05,39.732533,1286,107.08
2025-10-09 01:47:10,39.743053,1287,107.17
2025-10-09 01:47:15,39.732533,1288,107.25
2025-10-09 01:47:20,39.743053,1289,107.33
2025-10-09 01:47:25,39.732533,1290,107.42
2025-10-09 01:47:30,39.743053,1291,107.5
2025-10-09 01:47:35,39.732533,1292,107.58
2025-10-09 01:47:40,39.743053,1293,107.67
2025-10-09 01:47:45,39.725197,1294,107.75
2025-10-09 01:47:50,39.743053,1295,107.83
2025-10-09 01:47:55,39.732533,1296,107.92
2025-10-09 01:48:00,39.746468,1297,108.0
2025-10-09 01:48:05,39.735947,1298,108.08
2025-10-09 01:48:10,39.746468,1299,108.17
2025-10-09 01:48:15,39.735947,1300,108.25
2025-10-09 01:48:20,39.746468,1301,108.33
2025-10-09 01:48:25,39.735947,1302,108.42
2025-10-09 01:48:30,39.746468,1303,108.5
2025-10-09 01:48:35,39.735947,1304,108.58
2025-10-09 01:48:40,39.746468,1305,108.67
2025-10-09 01:48:45,39.735947,1306,108.75
2025-10-09 01:48:50,39.746468,1307,108.83
2025-10-09 01:48:55,39.735947,1308,108.92
2025-10-09 01:49:00,39.746468,1309,109.0
2025-10-09 01:49:05,39.735947,1310,109.08
2025-10-09 01:49:10,39.746468,1311,109.17
2025-10-09 01:49:15,39.735947,1312,109.25
2025-10-09 01:49:20,39.746468,1313,109.33
2025-10-09 01:49:25,39.735947,1314,109.42
2025-10-09 01:49:30,39.746468,1315,109.5
2025-10-09 01:49:35,39.735947,1316,109.58
2025-10-09 01:49:40,39.739132,1317,109.67
2025-10-09 01:49:45,39.735947,1318,109.75
2025-10-09 01:49:50,39.746468,1319,109.83
2025-10-09 01:49:55,39.735947,1320,109.92
2025-10-09 01:50:00,39.735947,1321,110.0
2025-10-09 01:50:05,39.746468,1322,110.08
2025-10-09 01:50:10,39.735947,1323,110.17
2025-10-09 01:50:15,39.746468,1324,110.25
2025-10-09 01:50:20,39.735947,1325,110.33
2025-10-09 01:50:25,39.746468,1326,110.42
2025-10-09 01:50:30,39.735947,1327,110.5
2025-10-09 01:50:35,39.746468,1328,110.58
2025-10-09 01:50:40,39.735947,1329,110.67
2025-10-09 01:50:45,39.746468,1330,110.75
2025-10-09 01:50:50,39.735947,1331,110.83
2025-10-09 01:50:55,39.746468,1332,110.92
2025-10-09 01:51:00,39.737923,1333,111.0
2025-10-09 01:51:05,39.748444,1334,111.08
2025-10-09 01:51:10,39.737923,1335,111.17
2025-10-09 01:51:15,39.748444,1336,111.25
2025-10-09 01:51:20,39.730587,1337,111.33
2025-10-09 01:51:25,39.748444,1338,111.42
2025-10-09 01:51:30,39.737923,1339,111.5
2025-10-09 01:51:35,39.748444,1340,111.58
2025-10-09 01:51:40,39.737923,1341,111.67
2025-10-09 01:51:45,39.748444,1342,111.75
2025-10-09 01:51:50,39.737923,1343,111.83
2025-10-09 01:51:55,39.748444,1344,111.92
2025-10-09 01:52:00,39.737923,1345,112.0
2025-10-09 01:52:05,39.748444,1346,112.08
2025-10-09 01:52:10,39.737923,1347,112.17
2025-10-09 01:52:15,39.748444,1348,112.25
2025-10-09 01:52:20,39.737923,1349,112.33
2025-10-09 01:52:25,39.748444,1350,112.42
2025-10-09 01:52:30,39.737923,1351,112.5
2025-10-09 01:52:35,39.748444,1352,112.58
2025-10-09 01:52:40,39.737923,1353,112.67
2025-10-09 01:52:45,39.748444,1354,112.75
2025-10-09 01:52:50,39.737923,1355,112.83
2025-10-09 01:52:55,39.748444,1356,112.92
2025-10-09 01:53:00,39.737923,1357,113.0
2025-10-09 01:53:05,39.741108,1358,113.08
2025-10-09 01:53:10,39.737923,1359,113.17
2025-10-09 01:53:15,39.748444,1360,113.25
2025-10-09 01:53:20,39.737923,1361,113.33
2025-10-09 01:53:25,39.748444,1362,113.42
2025-10-09 01:53:30,39.737923,1363,113.5
2025-10-09 01:53:35,39.748444,1364,113.58
2025-10-09 01:53:40,39.737923,1365,113.67
2025-10-09 01:53:45,39.748444,1366,113.75
2025-10-09 01:53:50,39.737923,1367,113.83
2025-10-09 01:53:55,39.748444,1368,113.92
2025-10-09 01:54:00,39.737923,1369,114.0
2025-10-09 01:54:05,39.748444,1370,114.08
2025-10-09 01:54:10,39.737923,1371,114.17
2025-10-09 01:54:15,39.748444,1372,114.25
2025-10-09 01:54:20,39.737923,1373,114.33
2025-10-09 01:54:25,39.748444,1374,114.42
2025-10-09 01:54:30,39.737923,1375,114.5
2025-10-09 01:54:35,39.748444,1376,114.58
2025-10-09 01:54:40,39.737923,1377,114.67
2025-10-09 01:54:45,39.748444,1378,114.75
2025-10-09 01:54:50,39.737923,1379,114.83
2025-10-09 01:54:55,39.741108,1380,114.92
2025-10-09 01:55:00,39.73709,1381,115.0
2025-10-09 01:55:05,39.73709,1382,115.08
2025-10-09 01:55:10,39.747612,1383,115.17
2025-10-09 01:55:15,39.73709,1384,115.25
2025-10-09 01:55:20,39.747612,1385,115.33
2025-10-09 01:55:25,39.73709,1386,115.42
2025-10-09 01:55:30,39.747612,1387,115.5
2025-10-09 01:55:35,39.73709,1388,115.58
2025-10-09 01:55:40,39.747612,1389,115.67
2025-10-09 01:55:45,39.73709,1390,115.75
2025-10-09 01:55:50,39.747612,1391,115.83
2025-10-09 01:55:55,39.73709,1392,115.92
2025-10-09 01:56:00,39.747612,1393,116.0
2025-10-09 01:56:05,39.73709,1394,116.08
2025-10-09 01:56:10,39.747612,1395,116.17
2025-10-09 01:56:15,39.73709,1396,116.25
2025-10-09 01:56:20,39.747612,1397,116.33
2025-10-09 01:56:25,39.73709,1398,116.42
2025-10-09 01:56:30,39.754814,1399,116.5
2025-10-09 01:56:35,39.744297,1400,116.58
2025-10-09 01:56:40,39.754814,1401,116.67
2025-10-09 01:56:45,39.743114,1402,116.75
2025-10-09 01:56:50,39.753635,1403,116.83
2025-10-09 01:56:55,39.735775,1404,116.92
2025-10-09 01:57:00,39.754814,1405,117.0
2025-10-09 01:57:05,39.744297,1406,117.08
2025-10-09 01:57:10,39.753635,1407,117.17
2025-10-09 01:57:15,39.744297,1408,117.25
2025-10-09 01:57:20,39.753635,1409,117.33
2025-10-09 01:57:25,39.73709,1410,117.42
2025-10-09 01:57:30,39.753635,1411,117.5
2025-10-09 01:57:35,39.743114,1412,117.58
2025-10-09 01:57:40,39.753635,1413,117.67
2025-10-09 01:57:45,39.743114,1414,117.75
2025-10-09 01:57:50,39.753635,1415,117.83
2025-10-09 01:57:55,39.743114,1416,117.92
2025-10-09 01:58:00,39.753635,1417,118.0
2025-10-09 01:58:05,39.743114,1418,118.08
2025-10-09 01:58:10,39.743114,1419,118.17
2025-10-09 01:58:15,39.743114,1420,118.25
2025-10-09 01:58:20,39.753635,1421,118.33
2025-10-09 01:58:25,39.744297,1422,118.42
2025-10-09 01:58:30,39.754814,1423,118.5
2025-10-09 01:58:35,39.744297,1424,118.58
2025-10-09 01:58:40,39.746296,1425,118.67
2025-10-09 01:58:45,39.743114,1426,118.75
2025-10-09 01:58:50,39.753635,1427,118.83
2025-10-09 01:58:55,39.743114,1428,118.92
2025-10-09 01:59:00,39.754715,1429,119.0
2025-10-09 01:59:05,39.744198,1430,119.08
2025-10-09 01:59:10,39.754715,1431,119.17
2025-10-09 01:59:15,39.744198,1432,119.25
2025-10-09 01:59:20,39.74869,1433,119.33
2025-10-09 01:59:25,39.744198,1434,119.42
2025-10-09 01:59:30,39.754715,1435,119.5
2025-10-09 01:59:35,39.744198,1436,119.58
2025-10-09 01:59:40,39.754715,1437,119.67
2025-10-09 01:59:45,39.744198,1438,119.75
2025-10-09 01:59:50,39.754715,1439,119.83
2025-10-09 01:59:55,39.744198,1440,119.92
2025-10-09 02:00:00,39.673603,1441,120.0
2025-10-09 02:00:05,39.684124,1442,120.08
2025-10-09 02:00:10,39.684124,1443,120.17
2025-10-09 02:00:15,39.684124,1444,120.25
2025-10-09 02:00:20,39.684124,1445,120.33
2025-10-09 02:00:25,39.684124,1446,120.42
2025-10-09 02:00:30,39.685307,1447,120.5
2025-10-09 02:00:35,39.685307,1448,120.58
2025-10-09 02:00:40,39.685307,1449,120.67
2025-10-09 02:00:45,39.685307,1450,120.75
2025-10-09 02:00:50,39.685307,1451,120.83
2025-10-09 02:00:55,39.685307,1452,120.92
2025-10-09 02:01:00,39.685307,1453,121.0
2025-10-09 02:01:05,39.685307,1454,121.08
2025-10-09 02:01:10,39.685307,1455,121.17
2025-10-09 02:01:15,39.678097,1456,121.25
2025-10-09 02:01:20,39.685307,1457,121.33
2025-10-09 02:01:25,39.685307,1458,121.42
2025-10-09 02:01:30,39.685307,1459,121.5
2025-10-09 02:01:35,39.685307,1460,121.58
2025-10-09 02:01:40,39.685307,1461,121.67
2025-10-09 02:01:45,39.685307,1462,121.75
2025-10-09 02:01:50,39.685307,1463,121.83
2025-10-09 02:01:55,39.685307,1464,121.92
2025-10-09 02:02:00,39.685307,1465,122.0
2025-10-09 02:02:05,39.685307,1466,122.08
2025-10-09 02:02:10,39.685307,1467,122.17
2025-10-09 02:02:15,39.685307,1468,122.25
2025-10-09 02:02:20,39.684124,1469,122.33
2025-10-09 02:02:25,39.684124,1470,122.42
2025-10-09 02:02:30,39.684124,1471,122.5
2025-10-09 02:02:35,39.684124,1472,122.58
2025-10-09 02:02:40,39.684124,1473,122.67
2025-10-09 02:02:45,39.684124,1474,122.75
2025-10-09 02:02:50,39.684124,1475,122.83
2025-10-09 02:02:55,39.678097,1476,122.92
2025-10-09 02:03:00,39.684124,1477,123.0
2025-10-09 02:03:05,39.684124,1478,123.08
2025-10-09 02:03:10,39.684124,1479,123.17
2025-10-09 02:03:15,39.684124,1480,123.25
2025-10-09 02:03:20,39.684124,1481,123.33
2025-10-09 02:03:25,39.684124,1482,123.42
2025-10-09 02:03:30,39.684124,1483,123.5
2025-10-09 02:03:35,39.684124,1484,123.58
2025-10-09 02:03:40,39.684124,1485,123.67
2025-10-09 02:03:45,39.684124,1486,123.75
2025-10-09 02:03:50,39.684124,1487,123.83
2025-10-09 02:03:55,39.72616,1488,123.92
2025-10-09 02:04:00,39.684124,1489,124.0
2025-10-09 02:04:05,39.72616,1490,124.08
2025-10-09 02:04:10,39.72616,1491,124.17
2025-10-09 02:04:15,39.72616,1492,124.25
2025-10-09 02:04:20,39.756653,1493,124.33
2025-10-09 02:04:25,39.738483,1494,124.42
2025-10-09 02:04:30,39.72616,1495,124.5
2025-10-09 02:04:35,39.678097,1496,124.58
2025-10-09 02:04:40,39.693813,1497,124.67
2025-10-09 02:04:45,39.72616,1498,124.75
2025-10-09 02:04:50,39.684124,1499,124.83
2025-10-09 02:04:55,39.684124,1500,124.92
2025-10-09 02:05:00,39.684124,1501,125.0
2025-10-09 02:05:05,39.715637,1502,125.08
2025-10-09 02:05:10,39.683292,1503,125.17
2025-10-09 02:05:15,39.72616,1504,125.25
2025-10-09 02:05:20,39.683292,1505,125.33
2025-10-09 02:05:25,39.72616,1506,125.42
2025-10-09 02:05:30,39.683292,1507,125.5
2025-10-09 02:05:35,39.684124,1508,125.58
2025-10-09 02:05:40,39.684124,1509,125.67
2025-10-09 02:05:45,39.693813,1510,125.75
2025-10-09 02:05:50,39.715637,1511,125.83
2025-10-09 02:05:55,39.715637,1512,125.92
2025-10-09 02:06:00,39.674435,1513,126.0
2025-10-09 02:06:05,39.726994,1514,126.08
2025-10-09 02:06:10,39.716473,1515,126.17
2025-10-09 02:06:15,39.716473,1516,126.25
2025-10-09 02:06:20,39.66841,1517,126.33
2025-10-09 02:06:25,39.726994,1518,126.42
2025-10-09 02:06:30,39.684128,1519,126.5
2025-10-09 02:06:35,39.684956,1520,126.58
2025-10-09 02:06:40,39.684956,1521,126.67
2025-10-09 02:06:45,39.684956,1522,126.75
2025-10-09 02:06:50,39.684956,1523,126.83
2025-10-09 02:06:55,39.69465,1524,126.92
2025-10-09 02:07:00,39.697025,1525,127.0
2025-10-09 02:07:05,39.697025,1526,127.08
2025-10-09 02:07:10,39.687332,1527,127.17
2025-10-09 02:07:15,39.697025,1528,127.25
2025-10-09 02:07:20,39.687332,1529,127.33
2025-10-09 02:07:25,39.687332,1530,127.42
2025-10-09 02:07:30,39.72937,1531,127.5
2025-10-09 02:07:35,39.72937,1532,127.58
2025-10-09 02:07:40,39.72937,1533,127.67
2025-10-09 02:07:45,39.72937,1534,127.75
2025-10-09 02:07:50,39.72937,1535,127.83
2025-10-09 02:07:55,39.687332,1536,127.92
2025-10-09 02:08:00,39.68131,1537,128.0
2025-10-09 02:08:05,39.73989,1538,128.08
2025-10-09 02:08:10,39.72937,1539,128.17
2025-10-09 02:08:15,39.687332,1540,128.25
2025-10-09 02:08:20,39.72937,1541,128.33
2025-10-09 02:08:25,39.72937,1542,128.42
2025-10-09 02:08:30,39.687332,1543,128.5
2025-10-09 02:08:35,39.687332,1544,128.58
2025-10-09 02:08:40,39.72937,1545,128.67
2025-10-09 02:08:45,39.72937,1546,128.75
2025-10-09 02:08:50,39.72937,1547,128.83
2025-10-09 02:08:55,39.72937,1548,128.92
2025-10-09 02:09:00,39.72937,1549,129.0
2025-10-09 02:09:05,39.697025,1550,129.08
2025-10-09 02:09:10,39.73989,1551,129.17
2025-10-09 02:09:15,39.72937,1552,129.25
2025-10-09 02:09:20,39.72937,1553,129.33
2025-10-09 02:09:25,39.707546,1554,129.42
2025-10-09 02:09:30,39.707546,1555,129.5
2025-10-09 02:09:35,39.697853,1556,129.58
2025-10-09 02:09:40,39.687332,1557,129.67
2025-10-09 02:09:45,39.69183,1558,129.75
2025-10-09 02:09:50,39.697853,1559,129.83
2025-10-09 02:09:55,39.687332,1560,129.92
2025-10-09 02:10:00,39.689026,1561,130.0
2025-10-09 02:10:05,39.679333,1562,130.08
2025-10-09 02:10:10,39.689854,1563,130.17
2025-10-09 02:10:15,39.679333,1564,130.25
2025-10-09 02:10:20,39.699547,1565,130.33
2025-10-09 02:10:25,39.679333,1566,130.42
2025-10-09 02:10:30,39.689854,1567,130.5
2025-10-09 02:10:35,39.679333,1568,130.58
2025-10-09 02:10:40,39.689854,1569,130.67
2025-10-09 02:10:45,39.679333,1570,130.75
2025-10-09 02:10:50,39.689854,1571,130.83
2025-10-09 02:10:55,39.689854,1572,130.92
2025-10-09 02:11:00,39.689854,1573,131.0
2025-10-09 02:11:05,39.679333,1574,131.08
2025-10-09 02:11:10,39.689854,1575,131.17
2025-10-09 02:11:15,39.689854,1576,131.25
2025-10-09 02:11:20,39.689854,1577,131.33
2025-10-09 02:11:25,39.679333,1578,131.42
2025-10-09 02:11:30,39.689854,1579,131.5
2025-10-09 02:11:35,39.679333,1580,131.58
2025-10-09 02:11:40,39.689854,1581,131.67
2025-10-09 02:11:45,39.679333,1582,131.75
2025-10-09 02:11:50,39.689854,1583,131.83
2025-10-09 02:11:55,39.679333,1584,131.92
2025-10-09 02:12:00,39.689854,1585,132.0
2025-10-09 02:12:05,39.689854,1586,132.08
2025-10-09 02:12:10,39.689854,1587,132.17
2025-10-09 02:12:15,39.679333,1588,132.25
2025-10-09 02:12:20,39.689854,1589,132.33
2025-10-09 02:12:25,39.679333,1590,132.42
2025-10-09 02:12:30,39.689854,1591,132.5
2025-10-09 02:12:35,39.689854,1592,132.58
2025-10-09 02:12:40,39.689854,1593,132.67
2025-10-09 02:12:45,39.689854,1594,132.75
2025-10-09 02:12:50,39.689854,1595,132.83
2025-10-09 02:12:55,39.689854,1596,132.92
2025-10-09 02:13:00,39.64863,1597,133.0
2025-10-09 02:13:05,39.723877,1598,133.08
2025-10-09 02:13:10,39.65915,1599,133.17
2025-10-09 02:13:15,39.723877,1600,133.25
2025-10-09 02:13:20,39.64863,1601,133.33
2025-10-09 02:13:25,39.65915,1602,133.42
2025-10-09 02:13:30,39.65915,1603,133.5
2025-10-09 02:13:35,39.65915,1604,133.58
2025-10-09 02:13:40,39.65915,1605,133.67
2025-10-09 02:13:45,39.65915,1606,133.75
2025-10-09 02:13:50,39.65915,1607,133.83
2025-10-09 02:13:55,39.65915,1608,133.92
2025-10-09 02:14:00,39.723877,1609,134.0
2025-10-09 02:14:05,39.723877,1610,134.08
2025-10-09 02:14:10,39.64863,1611,134.17
2025-10-09 02:14:15,39.65915,1612,134.25
2025-10-09 02:14:20,39.65915,1613,134.33
2025-10-09 02:14:25,39.65915,1614,134.42
2025-10-09 02:14:30,39.65915,1615,134.5
2025-10-09 02:14:35,39.65915,1616,134.58
2025-10-09 02:14:40,39.65915,1617,134.67
2025-10-09 02:14:45,39.65915,1618,134.75
2025-10-09 02:14:50,39.65915,1619,134.83
2025-10-09 02:14:55,39.65915,1620,134.92
2025-10-09 02:15:00,39.65915,1621,135.0
2025-10-09 02:15:05,39.65915,1622,135.08
2025-10-09 02:15:10,39.65915,1623,135.17
2025-10-09 02:15:15,39.65915,1624,135.25
2025-10-09 02:15:20,39.65915,1625,135.33
2025-10-09 02:15:25,39.723877,1626,135.42
2025-10-09 02:15:30,39.64863,1627,135.5
2025-10-09 02:15:35,39.65915,1628,135.58
2025-10-09 02:15:40,39.65915,1629,135.67
2025-10-09 02:15:45,39.65915,1630,135.75
2025-10-09 02:15:50,39.65915,1631,135.83
2025-10-09 02:15:55,39.723877,1632,135.92
2025-10-09 02:16:00,39.64863,1633,136.0
2025-10-09 02:16:05,39.65915,1634,136.08
2025-10-09 02:16:10,39.65915,1635,136.17
2025-10-09 02:16:15,39.65915,1636,136.25
2025-10-09 02:16:20,39.65915,1637,136.33
2025-10-09 02:16:25,39.65915,1638,136.42
2025-10-09 02:16:30,39.65915,1639,136.5
2025-10-09 02:16:35,39.65915,1640,136.58
2025-10-09 02:16:40,39.65915,1641,136.67
2025-10-09 02:16:45,39.65915,1642,136.75
2025-10-09 02:16:50,39.65915,1643,136.83
2025-10-09 02:16:55,39.65915,1644,136.92
2025-10-09 02:17:00,39.65915,1645,137.0
2025-10-09 02:17:05,39.65915,1646,137.08
2025-10-09 02:17:10,39.65915,1647,137.17
2025-10-09 02:17:15,39.723877,1648,137.25
2025-10-09 02:17:20,39.64863,1649,137.33
2025-10-09 02:17:25,39.65915,1650,137.42
2025-10-09 02:17:30,39.65915,1651,137.5
2025-10-09 02:17:35,39.65915,1652,137.58
2025-10-09 02:17:40,39.65915,1653,137.67
2025-10-09 02:17:45,39.65915,1654,137.75
2025-10-09 02:17:50,39.65915,1655,137.83
2025-10-09 02:17:55,39.723877,1656,137.92
2025-10-09 02:18:00,39.679333,1657,138.0
2025-10-09 02:18:05,39.679333,1658,138.08
2025-10-09 02:18:10,39.689854,1659,138.17
2025-10-09 02:18:15,39.679333,1660,138.25
2025-10-09 02:18:20,39.689854,1661,138.33
2025-10-09 02:18:25,39.679333,1662,138.42
2025-10-09 02:18:30,39.679333,1663,138.5
2025-10-09 02:18:35,39.679333,1664,138.58
2025-10-09 02:18:40,39.679333,1665,138.67
2025-10-09 02:18:45,39.679333,1666,138.75
2025-10-09 02:18:50,39.679333,1667,138.83
2025-10-09 02:18:55,39.679333,1668,138.92
2025-10-09 02:19:00,39.679333,1669,139.0
2025-10-09 02:19:05,39.689854,1670,139.08
2025-10-09 02:19:10,39.689854,1671,139.17
2025-10-09 02:19:15,39.679333,1672,139.25
2025-10-09 02:19:20,39.679333,1673,139.33
2025-10-09 02:19:25,39.72137,1674,139.42
2025-10-09 02:19:30,39.679333,1675,139.5
2025-10-09 02:19:35,39.679333,1676,139.58
2025-10-09 02:19:40,39.72137,1677,139.67
2025-10-09 02:19:45,39.72137,1678,139.75
2025-10-09 02:19:50,39.679333,1679,139.83
2025-10-09 02:19:55,39.679333,1680,139.92
2025-10-09 02:20:00,39.72137,1681,140.0
2025-10-09 02:20:05,39.72137,1682,140.08
2025-10-09 02:20:10,39.679333,1683,140.17
2025-10-09 02:20:15,39.679333,1684,140.25
2025-10-09 02:20:20,39.72137,1685,140.33
2025-10-09 02:20:25,39.72137,1686,140.42
2025-10-09 02:20:30,39.73189,1687,140.5
2025-10-09 02:20:35,39.689026,1688,140.58
2025-10-09 02:20:40,39.679333,1689,140.67
2025-10-09 02:20:45,39.679333,1690,140.75
2025-10-09 02:20:50,39.679333,1691,140.83
2025-10-09 02:20:55,39.679333,1692,140.92
2025-10-09 02:21:00,39.699547,1693,141.0
2025-10-09 02:21:05,39.689026,1694,141.08
2025-10-09 02:21:10,39.689026,1695,141.17
2025-10-09 02:21:15,39.689026,1696,141.25
2025-10-09 02:21:20,39.679333,1697,141.33
2025-10-09 02:21:25,39.689026,1698,141.42
2025-10-09 02:21:30,39.72137,1699,141.5
2025-10-09 02:21:35,39.689026,1700,141.58
2025-10-09 02:21:40,39.679333,1701,141.67
2025-10-09 02:21:45,39.72137,1702,141.75
2025-10-09 02:21:50,39.689026,1703,141.83
2025-10-09 02:21:55,39.679333,1704,141.92
2025-10-09 02:22:00,39.679333,1705,142.0
2025-10-09 02:22:05,39.679333,1706,142.08
2025-10-09 02:22:10,39.689026,1707,142.17
2025-10-09 02:22:15,39.689026,1708,142.25
2025-10-09 02:22:20,39.689854,1709,142.33
2025-10-09 02:22:25,39.689026,1710,142.42
2025-10-09 02:22:30,39.679333,1711,142.5
2025-10-09 02:22:35,39.679333,1712,142.58
2025-10-09 02:22:40,39.72137,1713,142.67
2025-10-09 02:22:45,39.679333,1714,142.75
2025-10-09 02:22:50,39.72137,1715,142.83
2025-10-09 02:22:55,39.679333,1716,142.92
2025-10-09 02:23:00,39.699547,1717,143.0
2025-10-09 02:23:05,39.679333,1718,143.08
2025-10-09 02:23:10,39.689026,1719,143.17
2025-10-09 02:23:15,39.689854,1720,143.25
2025-10-09 02:23:20,39.679333,1721,143.33
2025-10-09 02:23:25,39.689854,1722,143.42
2025-10-09 02:23:30,39.679333,1723,143.5
2025-10-09 02:23:35,39.679333,1724,143.58
2025-10-09 02:23:40,39.679333,1725,143.67
2025-10-09 02:23:45,39.679333,1726,143.75
2025-10-09 02:23:50,39.679333,1727,143.83
2025-10-09 02:23:55,39.679333,1728,143.92
2025-10-09 02:24:00,39.666435,1729,144.0
2025-10-09 02:24:05,39.676956,1730,144.08
2025-10-09 02:24:10,39.676956,1731,144.17
2025-10-09 02:24:15,39.676956,1732,144.25
2025-10-09 02:24:20,39.676956,1733,144.33
2025-10-09 02:24:25,39.676956,1734,144.42
2025-10-09 02:24:30,39.676956,1735,144.5
2025-10-09 02:24:35,39.676956,1736,144.58
2025-10-09 02:24:40,39.676956,1737,144.67
2025-10-09 02:24:45,39.676956,1738,144.75
2025-10-09 02:24:50,39.676956,1739,144.83
2025-10-09 02:24:55,39.676956,1740,144.92
2025-10-09 02:25:00,39.676956,1741,145.0
2025-10-09 02:25:05,39.676956,1742,145.08
2025-10-09 02:25:10,39.676956,1743,145.17
2025-10-09 02:25:15,39.676956,1744,145.25
2025-10-09 02:25:20,39.676956,1745,145.33
2025-10-09 02:25:25,39.676956,1746,145.42
2025-10-09 02:25:30,39.676956,1747,145.5
2025-10-09 02:25:35,39.676956,1748,145.58
2025-10-09 02:25:40,39.676956,1749,145.67
2025-10-09 02:25:45,39.676956,1750,145.75
2025-10-09 02:25:50,39.676956,1751,145.83
2025-10-09 02:25:55,39.676956,1752,145.92
2025-10-09 02:26:00,39.676956,1753,146.0
2025-10-09 02:26:05,39.676956,1754,146.08
2025-10-09 02:26:10,39.676956,1755,146.17
2025-10-09 02:26:15,39.676956,1756,146.25
2025-10-09 02:26:20,39.676956,1757,146.33
2025-10-09 02:26:25,39.718994,1758,146.42
2025-10-09 02:26:30,39.666435,1759,146.5
2025-10-09 02:26:35,39.676956,1760,146.58
2025-10-09 02:26:40,39.676956,1761,146.67
2025-10-09 02:26:45,39.676956,1762,146.75
2025-10-09 02:26:50,39.676956,1763,146.83
2025-10-09 02:26:55,39.676956,1764,146.92
2025-10-09 02:27:00,39.676956,1765,147.0
2025-10-09 02:27:05,39.718994,1766,147.08
2025-10-09 02:27:10,39.666435,1767,147.17
2025-10-09 02:27:15,39.68665,1768,147.25
2025-10-09 02:27:20,39.718994,1769,147.33
2025-10-09 02:27:25,39.666435,1770,147.42
2025-10-09 02:27:30,39.68665,1771,147.5
2025-10-09 02:27:35,39.67613,1772,147.58
2025-10-09 02:27:40,39.718994,1773,147.67
2025-10-09 02:27:45,39.68665,1774,147.75
2025-10-09 02:27:50,39.666435,1775,147.83
2025-10-09 02:27:55,39.68665,1776,147.92
2025-10-09 02:28:00,39.67613,1777,148.0
2025-10-09 02:28:05,39.718994,1778,148.08
2025-10-09 02:28:10,39.708473,1779,148.17
2025-10-09 02:28:15,39.666435,1780,148.25
2025-10-09 02:28:20,39.676956,1781,148.33
2025-10-09 02:28:25,39.676956,1782,148.42
2025-10-09 02:28:30,39.676956,1783,148.5
2025-10-09 02:28:35,39.676956,1784,148.58
2025-10-09 02:28:40,39.718994,1785,148.67
2025-10-09 02:28:45,39.67613,1786,148.75
2025-10-09 02:28:50,39.676956,1787,148.83
2025-10-09 02:28:55,39.676956,1788,148.92
2025-10-09 02:29:00,39.69114,1789,149.0
2025-10-09 02:29:05,39.680614,1790,149.08
2025-10-09 02:29:10,39.680614,1791,149.17
2025-10-09 02:29:15,39.680614,1792,149.25
2025-10-09 02:29:20,39.680614,1793,149.33
2025-10-09 02:29:25,39.680614,1794,149.42
2025-10-09 02:29:30,39.680614,1795,149.5
2025-10-09 02:29:35,39.680614,1796,149.58
2025-10-09 02:29:40,39.680614,1797,149.67
2025-10-09 02:29:45,39.680614,1798,149.75
2025-10-09 02:29:50,39.680614,1799,149.83
2025-10-09 02:29:55,39.680614,1800,149.92
2025-10-09 02:30:00,39.680614,1801,150.0
2025-10-09 02:30:05,39.680614,1802,150.08
2025-10-09 02:30:10,39.680614,1803,150.17
2025-10-09 02:30:15,39.680614,1804,150.25
2025-10-09 02:30:20,39.690308,1805,150.33
2025-10-09 02:30:25,39.722652,1806,150.42
2025-10-09 02:30:30,39.680614,1807,150.5
2025-10-09 02:30:35,39.680614,1808,150.58
2025-10-09 02:30:40,39.680614,1809,150.67
2025-10-09 02:30:45,39.690308,1810,150.75
2025-10-09 02:30:50,39.680614,1811,150.83
2025-10-09 02:30:55,39.680614,1812,150.92
2025-10-09 02:31:00,39.680614,1813,151.0
2025-10-09 02:31:05,39.722652,1814,151.08
2025-10-09 02:31:10,39.722652,1815,151.17
2025-10-09 02:31:15,39.722652,1816,151.25
2025-10-09 02:31:20,39.753147,1817,151.33
2025-10-09 02:31:25,39.680614,1818,151.42
2025-10-09 02:31:30,39.75602,1819,151.5
2025-10-09 02:31:35,39.753147,1820,151.58
2025-10-09 02:31:40,39.722652,1821,151.67
2025-10-09 02:31:45,39.722652,1822,151.75
2025-10-09 02:31:50,39.7455,1823,151.83
2025-10-09 02:31:55,39.722652,1824,151.92
2025-10-09 02:32:00,39.598846,1825,152.0
2025-10-09 02:32:05,39.609367,1826,152.08
2025-10-09 02:32:10,39.572876,1827,152.17
2025-10-09 02:32:15,39.61491,1828,152.25
2025-10-09 02:32:20,39.582565,1829,152.33
2025-10-09 02:32:25,39.572876,1830,152.42
2025-10-09 02:32:30,39.572876,1831,152.5
2025-10-09 02:32:35,39.61491,1832,152.58
2025-10-09 02:32:40,39.572876,1833,152.67
2025-10-09 02:32:45,39.572876,1834,152.75
2025-10-09 02:32:50,39.572876,1835,152.83
2025-10-09 02:32:55,39.582565,1836,152.92
2025-10-09 02:33:00,39.61491,1837,153.0
2025-10-09 02:33:05,39.609367,1838,153.08
2025-10-09 02:33:10,39.577023,1839,153.17
2025-10-09 02:33:15,39.609367,1840,153.25
2025-10-09 02:33:20,39.609367,1841,153.33
2025-10-09 02:33:25,39.577023,1842,153.42
2025-10-09 02:33:30,39.609367,1843,153.5
2025-10-09 02:33:35,39.609367,1844,153.58
2025-10-09 02:33:40,39.609367,1845,153.67
2025-10-09 02:33:45,39.609367,1846,153.75
2025-10-09 02:33:50,39.609367,1847,153.83
2025-10-09 02:33:55,39.56733,1848,153.92
2025-10-09 02:34:00,39.56733,1849,154.0
2025-10-09 02:34:05,39.56733,1850,154.08
2025-10-09 02:34:10,39.56733,1851,154.17
2025-10-09 02:34:15,39.56733,1852,154.25
2025-10-09 02:34:20,39.609367,1853,154.33
2025-10-09 02:34:25,39.56733,1854,154.42
2025-10-09 02:34:30,39.56733,1855,154.5
2025-10-09 02:34:35,39.56733,1856,154.58
2025-10-09 02:34:40,39.577023,1857,154.67
2025-10-09 02:34:45,39.56733,1858,154.75
2025-10-09 02:34:50,39.56733,1859,154.83
2025-10-09 02:34:55,39.577023,1860,154.92
2025-10-09 02:35:00,39.56733,1861,155.0
2025-10-09 02:35:05,39.609367,1862,155.08
2025-10-09 02:35:10,39.56733,1863,155.17
2025-10-09 02:35:15,39.56733,1864,155.25
2025-10-09 02:35:20,39.56733,1865,155.33
2025-10-09 02:35:25,39.56733,1866,155.42
2025-10-09 02:35:30,39.577023,1867,155.5
2025-10-09 02:35:35,39.609367,1868,155.58
2025-10-09 02:35:40,39.56733,1869,155.67
2025-10-09 02:35:45,39.609367,1870,155.75
2025-10-09 02:35:50,39.56733,1871,155.83
2025-10-09 02:35:55,39.577023,1872,155.92
2025-10-09 02:36:00,39.577023,1873,156.0
2025-10-09 02:36:05,39.56733,1874,156.08
2025-10-09 02:36:10,39.56733,1875,156.17
2025-10-09 02:36:15,39.56733,1876,156.25
2025-10-09 02:36:20,39.56733,1877,156.33
2025-10-09 02:36:25,39.609367,1878,156.42
2025-10-09 02:36:30,39.609367,1879,156.5
2025-10-09 02:36:35,39.609367,1880,156.58
2025-10-09 02:36:40,39.609367,1881,156.67
2025-10-09 02:36:45,39.609367,1882,156.75
2025-10-09 02:36:50,39.609367,1883,156.83
2025-10-09 02:36:55,39.609367,1884,156.92
2025-10-09 02:37:00,39.609367,1885,157.0
2025-10-09 02:37:05,39.598846,1886,157.08
2025-10-09 02:37:10,39.609367,1887,157.17
2025-10-09 02:37:15,39.598846,1888,157.25
2025-10-09 02:37:20,39.609367,1889,157.33
2025-10-09 02:37:25,39.598846,1890,157.42
2025-10-09 02:37:30,39.598846,1891,157.5
2025-10-09 02:37:35,39.598846,1892,157.58
2025-10-09 02:37:40,39.609367,1893,157.67
2025-10-09 02:37:45,39.598846,1894,157.75
2025-10-09 02:37:50,39.598846,1895,157.83
2025-10-09 02:37:55,39.598846,1896,157.92
2025-10-09 02:38:00,39.598846,1897,158.0
2025-10-09 02:38:05,39.56733,1898,158.08
2025-10-09 02:38:10,39.609367,1899,158.17
2025-10-09 02:38:15,39.5665,1900,158.25
2025-10-09 02:38:20,39.609367,1901,158.33
2025-10-09 02:38:25,39.55681,1902,158.42
2025-10-09 02:38:30,39.56733,1903,158.5
2025-10-09 02:38:35,39.56733,1904,158.58
2025-10-09 02:38:40,39.56733,1905,158.67
2025-10-09 02:38:45,39.56733,1906,158.75
2025-10-09 02:38:50,39.56733,1907,158.83
2025-10-09 02:38:55,39.577023,1908,158.92
2025-10-09 02:39:00,39.55681,1909,159.0
2025-10-09 02:39:05,39.56733,1910,159.08
2025-10-09 02:39:10,39.55681,1911,159.17
2025-10-09 02:39:15,39.56733,1912,159.25
2025-10-09 02:39:20,39.5665,1913,159.33
2025-10-09 02:39:25,39.609367,1914,159.42
2025-10-09 02:39:30,39.55681,1915,159.5
2025-10-09 02:39:35,39.56733,1916,159.58
2025-10-09 02:39:40,39.55681,1917,159.67
2025-10-09 02:39:45,39.577023,1918,159.75
2025-10-09 02:39:50,39.55681,1919,159.83
2025-10-09 02:39:55,39.609367,1920,159.92
2025-10-09 02:40:00,39.598846,1921,160.0
2025-10-09 02:40:05,39.55681,1922,160.08
2025-10-09 02:40:10,39.56733,1923,160.17
2025-10-09 02:40:15,39.55681,1924,160.25
2025-10-09 02:40:20,39.56733,1925,160.33
2025-10-09 02:40:25,39.55681,1926,160.42
2025-10-09 02:40:30,39.56733,1927,160.5
2025-10-09 02:40:35,39.56733,1928,160.58
2025-10-09 02:40:40,39.56733,1929,160.67
2025-10-09 02:40:45,39.55681,1930,160.75
2025-10-09 02:40:50,39.56733,1931,160.83
2025-10-09 02:40:55,39.55681,1932,160.92
2025-10-09 02:41:00,39.56733,1933,161.0
2025-10-09 02:41:05,39.56733,1934,161.08
2025-10-09 02:41:10,39.55681,1935,161.17
2025-10-09 02:41:15,39.56733,1936,161.25
2025-10-09 02:41:20,39.55681,1937,161.33
2025-10-09 02:41:25,39.56733,1938,161.42
2025-10-09 02:41:30,39.56733,1939,161.5
2025-10-09 02:41:35,39.56733,1940,161.58
2025-10-09 02:41:40,39.56733,1941,161.67
2025-10-09 02:41:45,39.56733,1942,161.75
2025-10-09 02:41:50,39.56733,1943,161.83
2025-10-09 02:41:55,39.56733,1944,161.92
2025-10-09 02:42:00,39.56733,1945,162.0
2025-10-09 02:42:05,39.56733,1946,162.08
2025-10-09 02:42:10,39.56733,1947,162.17
2025-10-09 02:42:15,39.56733,1948,162.25
2025-10-09 02:42:20,39.56733,1949,162.33
2025-10-09 02:42:25,39.56733,1950,162.42
2025-10-09 02:42:30,39.56733,1951,162.5
2025-10-09 02:42:35,39.56733,1952,162.58
2025-10-09 02:42:40,39.56733,1953,162.67
2025-10-09 02:42:45,39.56733,1954,162.75
2025-10-09 02:42:50,39.56733,1955,162.83
2025-10-09 02:42:55,39.56733,1956,162.92
2025-10-09 02:43:00,39.56733,1957,163.0
2025-10-09 02:43:05,39.56733,1958,163.08
2025-10-09 02:43:10,39.55681,1959,163.17
2025-10-09 02:43:15,39.56733,1960,163.25
2025-10-09 02:43:20,39.55681,1961,163.33
2025-10-09 02:43:25,39.56733,1962,163.42
2025-10-09 02:43:30,39.55681,1963,163.5
2025-10-09 02:43:35,39.56733,1964,163.58
2025-10-09 02:43:40,39.55681,1965,163.67
2025-10-09 02:43:45,39.56733,1966,163.75
2025-10-09 02:43:50,39.55681,1967,163.83
2025-10-09 02:43:55,39.56733,1968,163.92
2025-10-09 02:44:00,39.56733,1969,164.0
2025-10-09 02:44:05,39.55681,1970,164.08
2025-10-09 02:44:10,39.56733,1971,164.17
2025-10-09 02:44:15,39.55681,1972,164.25
2025-10-09 02:44:20,39.56733,1973,164.33
2025-10-09 02:44:25,39.55681,1974,164.42
2025-10-09 02:44:30,39.56733,1975,164.5
2025-10-09 02:44:35,39.55681,1976,164.58
2025-10-09 02:44:40,39.56733,1977,164.67
2025-10-09 02:44:45,39.55681,1978,164.75
2025-10-09 02:44:50,39.56733,1979,164.83
2025-10-09 02:44:55,39.55681,1980,164.92
2025-10-09 02:45:00,39.56733,1981,165.0
2025-10-09 02:45:05,39.56733,1982,165.08
2025-10-09 02:45:10,39.55681,1983,165.17
2025-10-09 02:45:15,39.56733,1984,165.25
2025-10-09 02:45:20,39.55681,1985,165.33
2025-10-09 02:45:25,39.56733,1986,165.42
2025-10-09 02:45:30,39.55681,1987,165.5
2025-10-09 02:45:35,39.56733,1988,165.58
2025-10-09 02:45:40,39.55681,1989,165.67
2025-10-09 02:45:45,39.56733,1990,165.75
2025-10-09 02:45:50,39.55681,1991,165.83
2025-10-09 02:45:55,39.56733,1992,165.92
2025-10-09 02:46:00,39.55681,1993,166.0
2025-10-09 02:46:05,39.56733,1994,166.08
2025-10-09 02:46:10,39.55681,1995,166.17
2025-10-09 02:46:15,39.55681,1996,166.25
2025-10-09 02:46:20,39.56733,1997,166.33
2025-10-09 02:46:25,39.55681,1998,166.42
2025-10-09 02:46:30,39.56733,1999,166.5
2025-10-09 02:46:35,39.55681,2000,166.58
2025-10-09 02:46:40,39.56733,2001,166.67
2025-10-09 02:46:45,39.55681,2002,166.75
2025-10-09 02:46:50,39.56733,2003,166.83
2025-10-09 02:46:55,39.55681,2004,166.92
2025-10-09 02:47:00,39.601734,2005,167.0
2025-10-09 02:47:05,39.591213,2006,167.08
2025-10-09 02:47:10,39.591213,2007,167.17
2025-10-09 02:47:15,39.591213,2008,167.25
2025-10-09 02:47:20,39.591213,2009,167.33
2025-10-09 02:47:25,39.591213,2010,167.42
2025-10-09 02:47:30,39.591213,2011,167.5
2025-10-09 02:47:35,39.591213,2012,167.58
2025-10-09 02:47:40,39.591213,2013,167.67
2025-10-09 02:47:45,39.591213,2014,167.75
2025-10-09 02:47:50,39.591213,2015,167.83
2025-10-09 02:47:55,39.591213,2016,167.92
2025-10-09 02:48:00,39.594627,2017,168.0
2025-10-09 02:48:05,39.594627,2018,168.08
2025-10-09 02:48:10,39.594627,2019,168.17
2025-10-09 02:48:15,39.594627,2020,168.25
2025-10-09 02:48:20,39.594627,2021,168.33
2025-10-09 02:48:25,39.594627,2022,168.42
2025-10-09 02:48:30,39.594627,2023,168.5
2025-10-09 02:48:35,39.594627,2024,168.58
2025-10-09 02:48:40,39.594627,2025,168.67
2025-10-09 02:48:45,39.594627,2026,168.75
2025-10-09 02:48:50,39.594627,2027,168.83
2025-10-09 02:48:55,39.594627,2028,168.92
2025-10-09 02:49:00,39.594627,2029,169.0
2025-10-09 02:49:05,39.594627,2030,169.08
2025-10-09 02:49:10,39.594627,2031,169.17
2025-10-09 02:49:15,39.594627,2032,169.25
2025-10-09 02:49:20,39.594627,2033,169.33
2025-10-09 02:49:25,39.594627,2034,169.42
2025-10-09 02:49:30,39.594627,2035,169.5
2025-10-09 02:49:35,39.594627,2036,169.58
2025-10-09 02:49:40,39.594627,2037,169.67
2025-10-09 02:49:45,39.594627,2038,169.75
2025-10-09 02:49:50,39.594627,2039,169.83
2025-10-09 02:49:55,39.594627,2040,169.92
2025-10-09 02:50:00,39.594627,2041,170.0
2025-10-09 02:50:05,39.594627,2042,170.08
2025-10-09 02:50:10,39.594627,2043,170.17
2025-10-09 02:50:15,39.594627,2044,170.25
2025-10-09 02:50:20,39.594627,2045,170.33
2025-10-09 02:50:25,39.594627,2046,170.42
2025-10-09 02:50:30,39.594627,2047,170.5
2025-10-09 02:50:35,39.594627,2048,170.58
2025-10-09 02:50:40,39.594627,2049,170.67
2025-10-09 02:50:45,39.594627,2050,170.75
2025-10-09 02:50:50,39.594627,2051,170.83
2025-10-09 02:50:55,39.594627,2052,170.92
2025-10-09 02:51:00,39.602627,2053,171.0
2025-10-09 02:51:05,39.602627,2054,171.08
2025-10-09 02:51:10,39.602627,2055,171.17
2025-10-09 02:51:15,39.602627,2056,171.25
2025-10-09 02:51:20,39.596603,2057,171.33
2025-10-09 02:51:25,39.602627,2058,171.42
2025-10-09 02:51:30,39.602627,2059,171.5
2025-10-09 02:51:35,39.602627,2060,171.58
2025-10-09 02:51:40,39.602627,2061,171.67
2025-10-09 02:51:45,39.602627,2062,171.75
2025-10-09 02:51:50,39.602627,2063,171.83
2025-10-09 02:51:55,39.602627,2064,171.92
2025-10-09 02:52:00,39.602627,2065,172.0
2025-10-09 02:52:05,39.602627,2066,172.08
2025-10-09 02:52:10,39.602627,2067,172.17
2025-10-09 02:52:15,39.602627,2068,172.25
2025-10-09 02:52:20,39.602627,2069,172.33
2025-10-09 02:52:25,39.602627,2070,172.42
2025-10-09 02:52:30,39.602627,2071,172.5
2025-10-09 02:52:35,39.602627,2072,172.58
2025-10-09 02:52:40,39.602627,2073,172.67
2025-10-09 02:52:45,39.602627,2074,172.75
2025-10-09 02:52:50,39.602627,2075,172.83
2025-10-09 02:52:55,39.602627,2076,172.92
2025-10-09 02:53:00,39.602627,2077,173.0
2025-10-09 02:53:05,39.596603,2078,173.08
2025-10-09 02:53:10,39.602627,2079,173.17
2025-10-09 02:53:15,39.602627,2080,173.25
2025-10-09 02:53:20,39.602627,2081,173.33
2025-10-09 02:53:25,39.602627,2082,173.42
2025-10-09 02:53:30,39.602627,2083,173.5
2025-10-09 02:53:35,39.602627,2084,173.58
2025-10-09 02:53:40,39.602627,2085,173.67
2025-10-09 02:53:45,39.602627,2086,173.75
2025-10-09 02:53:50,39.602627,2087,173.83
2025-10-09 02:53:55,39.602627,2088,173.92
2025-10-09 02:54:00,39.602627,2089,174.0
2025-10-09 02:54:05,39.602627,2090,174.08
2025-10-09 02:54:10,39.602627,2091,174.17
2025-10-09 02:54:15,39.602627,2092,174.25
2025-10-09 02:54:20,39.602627,2093,174.33
2025-10-09 02:54:25,39.602627,2094,174.42
2025-10-09 02:54:30,39.602627,2095,174.5
2025-10-09 02:54:35,39.602627,2096,174.58
2025-10-09 02:54:40,39.602627,2097,174.67
2025-10-09 02:54:45,39.602627,2098,174.75
2025-10-09 02:54:50,39.602627,2099,174.83
2025-10-09 02:54:55,39.596603,2100,174.92
2025-10-09 02:55:00,39.602978,2101,175.0
2025-10-09 02:55:05,39.595768,2102,175.08
2025-10-09 02:55:10,39.595768,2103,175.17
2025-10-09 02:55:15,39.602978,2104,175.25
2025-10-09 02:55:20,39.602978,2105,175.33
2025-10-09 02:55:25,39.602978,2106,175.42
2025-10-09 02:55:30,39.595768,2107,175.5
2025-10-09 02:55:35,39.602978,2108,175.58
2025-10-09 02:55:40,39.602978,2109,175.67
2025-10-09 02:55:45,39.602978,2110,175.75
2025-10-09 02:55:50,39.602978,2111,175.83
2025-10-09 02:55:55,39.602978,2112,175.92
2025-10-09 02:56:00,39.53314,2113,176.0
2025-10-09 02:56:05,39.536453,2114,176.08
2025-10-09 02:56:10,39.536453,2115,176.17
2025-10-09 02:56:15,39.536453,2116,176.25
2025-10-09 02:56:20,39.536453,2117,176.33
2025-10-09 02:56:25,39.536453,2118,176.42
2025-10-09 02:56:30,39.536453,2119,176.5
2025-10-09 02:56:35,39.536453,2120,176.58
2025-10-09 02:56:40,39.536453,2121,176.67
2025-10-09 02:56:45,39.536453,2122,176.75
2025-10-09 02:56:50,39.536453,2123,176.83
2025-10-09 02:56:55,39.536453,2124,176.92
2025-10-09 02:57:00,39.536453,2125,177.0
2025-10-09 02:57:05,39.536453,2126,177.08
2025-10-09 02:57:10,39.536453,2127,177.17
2025-10-09 02:57:15,39.536453,2128,177.25
2025-10-09 02:57:20,39.54366,2129,177.33
2025-10-09 02:57:25,39.536453,2130,177.42
2025-10-09 02:57:30,39.536453,2131,177.5
2025-10-09 02:57:35,39.536453,2132,177.58
2025-10-09 02:57:40,39.536453,2133,177.67
2025-10-09 02:57:45,39.536453,2134,177.75
2025-10-09 02:57:50,39.536453,2135,177.83
2025-10-09 02:57:55,39.536453,2136,177.92
2025-10-09 02:58:00,39.536453,2137,178.0
2025-10-09 02:58:05,39.536453,2138,178.08
2025-10-09 02:58:10,39.536453,2139,178.17
2025-10-09 02:58:15,39.536453,2140,178.25
2025-10-09 02:58:20,39.536453,2141,178.33
2025-10-09 02:58:25,39.54366,2142,178.42
2025-10-09 02:58:30,39.54366,2143,178.5
2025-10-09 02:58:35,39.536453,2144,178.58
2025-10-09 02:58:40,39.536453,2145,178.67
2025-10-09 02:58:45,39.536453,2146,178.75
2025-10-09 02:58:50,39.536453,2147,178.83
2025-10-09 02:58:55,39.536453,2148,178.92
2025-10-09 02:59:00,39.685307,2149,179.0
2025-10-09 02:59:05,39.674786,2150,179.08
2025-10-09 02:59:10,39.674786,2151,179.17
2025-10-09 02:59:15,39.674786,2152,179.25
2025-10-09 02:59:20,39.667576,2153,179.33
2025-10-09 02:59:25,39.667576,2154,179.42
2025-10-09 02:59:30,39.667576,2155,179.5
2025-10-09 02:59:35,39.667576,2156,179.58
2025-10-09 02:59:40,39.667576,2157,179.67
2025-10-09 02:59:45,39.667576,2158,179.75
2025-10-09 02:59:50,39.667576,2159,179.83
2025-10-09 02:59:55,39.674786,2160,179.92
