timestamp,forecast
2025-10-09 00:00:00,3.136620119556582
2025-10-09 00:00:05,4.11210689023784
2025-10-09 00:00:10,5.122375872143152
2025-10-09 00:00:15,6.269505289485124
2025-10-09 00:00:20,7.314009999727517
2025-10-09 00:00:25,8.349559543777168
2025-10-09 00:00:30,9.379674034281138
2025-10-09 00:00:35,10.384690603421419
2025-10-09 00:00:40,11.373719026757911
2025-10-09 00:00:45,12.346827668810988
2025-10-09 00:00:50,13.302669202482647
2025-10-09 00:00:55,14.242344334443061
2025-10-09 00:01:00,15.166067099249503
2025-10-09 00:01:05,16.073979358928938
2025-10-09 00:01:10,16.96642446548296
2025-10-09 00:01:15,17.843656977663592
2025-10-09 00:01:20,18.705926065188024
2025-10-09 00:01:25,19.553493532787307
2025-10-09 00:01:30,20.38660893973362
2025-10-09 00:01:35,21.20551793551332
2025-10-09 00:01:40,22.010463354862807
2025-10-09 00:01:45,22.80168317342317
2025-10-09 00:01:50,23.579411377376417
2025-10-09 00:01:55,24.34387807263618
2025-10-09 00:02:00,25.09530937607714
2025-10-09 00:02:05,25.833927558190354
2025-10-09 00:02:10,26.559951107922245
2025-10-09 00:02:15,27.273594782762842
2025-10-09 00:02:20,27.97506967933095
2025-10-09 00:02:25,28.66458329534983
2025-10-09 00:02:30,29.342339589851427
2025-10-09 00:02:35,30.008539044155448
2025-10-09 00:02:40,30.663378721097544
2025-10-09 00:02:45,31.307052323228078
2025-10-09 00:02:50,31.93975025016819
2025-10-09 00:02:55,32.56165965492093
2025-10-09 00:03:00,33.17296449922425
2025-10-09 00:03:05,33.77384560797238
2025-10-09 00:03:10,34.36448072270309
2025-10-09 00:03:15,34.9450445541733
2025-10-09 00:03:20,35.515708834039316
2025-10-09 00:03:25,36.07664236565515
2025-10-09 00:03:30,36.62801107400479
2025-10-09 00:03:35,37.169978054783115
2025-10-09 00:03:40,37.70270362263981
2025-10-09 00:03:45,38.22634535860068
2025-10-09 00:03:50,38.74105815668038
2025-10-09 00:03:55,39.246994269700274
2025-10-09 00:04:00,39.74430335432507
2025-10-09 00:04:05,40.233132515331455
2025-10-09 00:04:10,40.71362634912195
2025-10-09 00:04:15,41.18592698649671
2025-10-09 00:04:20,41.65017413469606
2025-10-09 00:04:25,42.106505118726076
2025-10-09 00:04:30,42.55505492197954
2025-10-09 00:04:35,42.99595622616424
2025-10-09 00:04:40,43.429339450550415
2025-10-09 00:04:45,43.855332790548964
2025-10-09 00:04:50,44.27406225563185
2025-10-09 00:04:55,44.685651706605896
2025-10-09 00:05:00,45.09022289225097
2025-10-09 00:05:05,45.4878954853335
2025-10-09 00:05:10,45.87878711800584
2025-10-09 00:05:15,46.263013416602014
2025-10-09 00:05:20,46.64068803584019
2025-10-09 00:05:25,47.01192269244193
2025-10-09 00:05:30,47.376827198178106
2025-10-09 00:05:35,47.73550949235144
2025-10-09 00:05:40,48.088075673725115
2025-10-09 00:05:45,48.43463003190691
2025-10-09 00:05:50,48.77527507819825
2025-10-09 00:05:55,49.11011157591718
2025-10-09 00:06:00,49.43923857020435
2025-10-09 00:06:05,49.76275341732069
2025-10-09 00:06:10,50.08075181344551
2025-10-09 00:06:15,50.39332782298363
2025-10-09 00:06:20,50.700573906389735
2025-10-09 00:06:25,51.00258094751834
2025-10-09 00:06:30,51.29943828050733
2025-10-09 00:06:35,51.591233716203206
2025-10-09 00:06:40,51.87805356813558
2025-10-09 00:06:45,52.1599826780489
2025-10-09 00:06:50,52.437104440998766
2025-10-09 00:06:55,52.70950083002029
2025-10-09 00:07:00,52.97725242037586
2025-10-09 00:07:05,53.24043841338943
2025-10-09 00:07:10,53.49913665987434
2025-10-09 00:07:15,53.753423683161785
2025-10-09 00:07:20,54.00337470173648
2025-10-09 00:07:25,54.2490636514864
2025-10-09 00:07:30,54.490563207573146
2025-10-09 00:07:35,54.72794480592937
2025-10-09 00:07:40,54.96127866438959
2025-10-09 00:07:45,55.1906338034608
2025-10-09 00:07:50,55.41607806673878
2025-10-09 00:07:55,55.637678140976355
2025-10-09 00:08:00,55.85549957580946
2025-10-09 00:08:05,56.06960680314677
2025-10-09 00:08:10,56.28006315622882
2025-10-09 00:08:15,56.486930888362004
2025-10-09 00:08:20,56.69027119133325
2025-10-09 00:08:25,56.890144213510624
2025-10-09 00:08:30,57.086609077635295
2025-10-09 00:08:35,57.27972389831016
2025-10-09 00:08:40,57.4695457991902
2025-10-09 00:08:45,57.65613092987978
2025-10-09 00:08:50,57.83953448254174
2025-10-09 00:08:55,58.019810708223346
2025-10-09 00:09:00,58.19701293290386
2025-10-09 00:09:05,58.37119357326837
2025-10-09 00:09:10,58.54240415221282
2025-10-09 00:09:15,58.71069531408446
2025-10-09 00:09:20,58.876116839662615
2025-10-09 00:09:25,59.03871766088383
2025-10-09 00:09:30,59.198545875316086
2025-10-09 00:09:35,59.35564876038607
2025-10-09 00:09:40,59.510072787363946
2025-10-09 00:09:45,59.66186363510962
2025-10-09 00:09:50,59.811066203584616
2025-10-09 00:09:55,59.95772462713353
2025-10-09 00:10:00,60.10188228753909
2025-10-09 00:10:05,60.24358182685448
2025-10-09 00:10:10,60.38286516001698
2025-10-09 00:10:15,60.519773487246454
2025-10-09 00:10:20,60.65434730623241
2025-10-09 00:10:25,60.78662642411332
2025-10-09 00:10:30,60.91664996925161
2025-10-09 00:10:35,61.044456402807874
2025-10-09 00:10:40,61.17008353011777
2025-10-09 00:10:45,61.29356851187489
2025-10-09 00:10:50,61.41494787512292
2025-10-09 00:10:55,61.53425752406044
2025-10-09 00:11:00,61.65153275066142
2025-10-09 00:11:05,61.76680824511462
2025-10-09 00:11:10,61.880118106085014
2025-10-09 00:11:15,61.991495850800256
2025-10-09 00:11:20,62.10097442496508
2025-10-09 00:11:25,62.20858621250671
2025-10-09 00:11:30,62.31436304515408
2025-10-09 00:11:35,62.41833621185369
2025-10-09 00:11:40,62.52053646802496
2025-10-09 00:11:45,62.620994044657664
2025-10-09 00:11:50,62.719738657254375
2025-10-09 00:11:55,62.816799514620314
2025-10-09 00:12:00,62.91220532750336
2025-10-09 00:12:05,63.00598431708674
2025-10-09 00:12:10,63.09816422333692
2025-10-09 00:12:15,63.18877231320907
2025-10-09 00:12:20,63.27783538871273
2025-10-09 00:12:25,63.36537979483986
2025-10-09 00:12:30,63.451431427357726
2025-10-09 00:12:35,63.536015740468905
2025-10-09 00:12:40,63.619157754340684
2025-10-09 00:12:45,63.700882062506075
2025-10-09 00:12:50,63.7812128391386
2025-10-09 00:12:55,63.860173846203026
2025-10-09 00:13:00,63.93778844048427
2025-10-09 00:13:05,64.01407958049626
2025-10-09 00:13:10,64.08906983327321
2025-10-09 00:13:15,64.1627813810449
2025-10-09 00:13:20,64.23523602779822
2025-10-09 00:13:25,64.30645520572692
2025-10-09 00:13:30,64.37645998157112
2025-10-09 00:13:35,64.44527106284905
2025-10-09 00:13:40,64.51290880398221
2025-10-09 00:13:45,64.5793932123164
2025-10-09 00:13:50,64.64474395403978
2025-10-09 00:13:55,64.70898036000025
2025-10-09 00:14:00,64.7721214314235
2025-10-09 00:14:05,64.8341858455336
2025-10-09 00:14:10,64.89519196107778
2025-10-09 00:14:15,64.95515782375698
2025-10-09 00:14:20,65.01410117156371
2025-10-09 00:14:25,65.07203944002913
2025-10-09 00:14:30,65.12898976738032
2025-10-09 00:14:35,65.18496899960998
2025-10-09 00:14:40,65.23999369545933
2025-10-09 00:14:45,65.29408013131636
2025-10-09 00:14:50,65.34724430603029
2025-10-09 00:14:55,65.39950194564412
2025-10-09 00:15:00,65.4508685080464
2025-10-09 00:15:05,65.50135918754371
2025-10-09 00:15:10,65.55098891935513
2025-10-09 00:15:15,65.59977238403013
2025-10-09 00:15:20,65.64772401179107
2025-10-09 00:15:25,65.69485798680172
2025-10-09 00:15:30,65.74118825136291
2025-10-09 00:15:35,65.78672851003672
2025-10-09 00:15:40,65.83149223370032
2025-10-09 00:15:45,65.8754926635306
2025-10-09 00:15:50,65.91874281492102
2025-10-09 00:15:55,65.96125548133155
2025-10-09 00:16:00,66.00304323807298
2025-10-09 00:16:05,66.04411844602672
2025-10-09 00:16:10,66.0844932553012
2025-10-09 00:16:15,66.12417960882586
2025-10-09 00:16:20,66.16318924588384
2025-10-09 00:16:25,66.20153370558462
2025-10-09 00:16:30,66.23922433027714
2025-10-09 00:16:35,66.27627226890498
2025-10-09 00:16:40,66.31268848030423
2025-10-09 00:16:45,66.3484837364451
2025-10-09 00:16:50,66.38366862561831
2025-10-09 00:16:55,66.4182535555671
2025-10-09 00:17:00,66.45224875656585
2025-10-09 00:17:05,66.48566428444627
2025-10-09 00:17:10,66.51851002357186
2025-10-09 00:17:15,66.55079568976176
2025-10-09 00:17:20,66.58253083316467
2025-10-09 00:17:25,66.61372484108384
2025-10-09 00:17:30,66.64438694075382
2025-10-09 00:17:35,66.67452620206991
2025-10-09 00:17:40,66.70415154027104
2025-10-09 00:17:45,66.73327171857686
2025-10-09 00:17:50,66.76189535078004
2025-10-09 00:17:55,66.79003090379409
2025-10-09 00:18:00,66.817686700158
2025-10-09 00:18:05,66.84487092049804
2025-10-09 00:18:10,66.87159160594751
2025-10-09 00:18:15,66.89785666052548
2025-10-09 00:18:20,66.92367385347464
2025-10-09 00:18:25,66.9490508215596
2025-10-09 00:18:30,66.97399507132575
2025-10-09 00:18:35,66.99851398131975
2025-10-09 00:18:40,67.02261480427215
2025-10-09 00:18:45,67.04630466924269
2025-10-09 00:18:50,67.06959058372914
2025-10-09 00:18:55,67.09247943574009
2025-10-09 00:19:00,67.11497799583245
2025-10-09 00:19:05,67.13709291911421
2025-10-09 00:19:10,67.15883074721302
2025-10-09 00:19:15,67.18019791021116
2025-10-09 00:19:20,67.20120072854768
2025-10-09 00:19:25,67.22184541488787
2025-10-09 00:19:30,67.24213807596107
2025-10-09 00:19:35,67.26208471436702
2025-10-09 00:19:40,67.2816912303514
2025-10-09 00:19:45,67.3009634235512
2025-10-09 00:19:50,67.31990699471021
2025-10-09 00:19:55,67.33852754736532
2025-10-09 00:20:00,67.35683058950407
2025-10-09 00:20:05,67.37482153519393
2025-10-09 00:20:10,67.39250570618371
2025-10-09 00:20:15,67.40988833347788
2025-10-09 00:20:20,67.42697455888376
2025-10-09 00:20:25,67.44376943653258
2025-10-09 00:20:30,67.46027793437447
2025-10-09 00:20:35,67.47650493564797
2025-10-09 00:20:40,67.49245524032449
2025-10-09 00:20:45,67.50813356652822
2025-10-09 00:20:50,67.52354455193166
2025-10-09 00:20:55,67.53869275512753
2025-10-09 00:21:00,67.55358265697716
2025-10-09 00:21:05,67.56821866193593
2025-10-09 00:21:10,67.58260509935621
2025-10-09 00:21:15,67.59674622476786
2025-10-09 00:21:20,67.61064622113705
2025-10-09 00:21:25,67.6243092001037
2025-10-09 00:21:30,67.63773920319754
2025-10-09 00:21:35,67.65094020303377
2025-10-09 00:21:40,67.663916104488
2025-10-09 00:21:45,67.67667074585144
2025-10-09 00:21:50,67.68920789996623
2025-10-09 00:21:55,67.70153127534147
2025-10-09 00:22:00,67.71364451725013
2025-10-09 00:22:05,67.72555120880746
2025-10-09 00:22:10,67.73725487203075
2025-10-09 00:22:15,67.74875896888122
2025-10-09 00:22:20,67.76006690228806
2025-10-09 00:22:25,67.771182017155
2025-10-09 00:22:30,67.78210760134978
2025-10-09 00:22:35,67.79284688667666
2025-10-09 00:22:40,67.80340304983244
2025-10-09 00:22:45,67.81377921334608
2025-10-09 00:22:50,67.8239784465024
2025-10-09 00:22:55,67.83400376624991
2025-10-09 00:23:00,67.84385813809331
2025-10-09 00:23:05,67.85354447697065
2025-10-09 00:23:10,67.86306564811558
2025-10-09 00:23:15,67.87242446790485
2025-10-09 00:23:20,67.88162370469146
2025-10-09 00:23:25,67.89066607962353
2025-10-09 00:23:30,67.89955426744918
2025-10-09 00:23:35,67.90829089730777
2025-10-09 00:23:40,67.91687855350757
2025-10-09 00:23:45,67.92531977629024
2025-10-09 00:23:50,67.93361706258217
2025-10-09 00:23:55,67.9417728667332
2025-10-09 00:24:00,67.94978960124244
2025-10-09 00:24:05,67.95766963747208
2025-10-09 00:24:10,67.96541530634867
2025-10-09 00:24:15,67.97302889905278
2025-10-09 00:24:20,67.98051266769659
2025-10-09 00:24:25,67.98786882599012
2025-10-09 00:24:30,67.9950995498961
2025-10-09 00:24:35,68.00220697827356
2025-10-09 00:24:40,68.00919321351051
2025-10-09 00:24:45,68.01606032214589
2025-10-09 00:24:50,68.02281033548077
2025-10-09 00:24:55,68.02944525017925
2025-10-09 00:25:00,68.03596702885912
2025-10-09 00:25:05,68.04237760067232
2025-10-09 00:25:10,68.04867886187567
2025-10-09 00:25:15,68.05487267639174
2025-10-09 00:25:20,68.06096087636017
2025-10-09 00:25:25,68.06694526267971
2025-10-09 00:25:30,68.07282760554082
2025-10-09 00:25:35,68.07860964494944
2025-10-09 00:25:40,68.08429309124148
2025-10-09 00:25:45,68.08987962558895
2025-10-09 00:25:50,68.09537090049713
2025-10-09 00:25:55,68.1007685402934
2025-10-09 00:26:00,68.10607414160776
2025-10-09 00:26:05,68.11128927384507
2025-10-09 00:26:10,68.1164154796493
2025-10-09 00:26:15,68.12145427535985
2025-10-09 00:26:20,68.1264071514601
2025-10-09 00:26:25,68.13127557301826
2025-10-09 00:26:30,68.13606098012075
2025-10-09 00:26:35,68.14076478829821
2025-10-09 00:26:40,68.1453883889442
2025-10-09 00:26:45,68.14993314972673
2025-10-09 00:26:50,68.15440041499292
2025-10-09 00:26:55,68.15879150616655
2025-10-09 00:27:00,68.16310772213902
2025-10-09 00:27:05,68.16735033965351
2025-10-09 00:27:10,68.17152061368267
2025-10-09 00:27:15,68.17561977779985
2025-10-09 00:27:20,68.17964904454398
2025-10-09 00:27:25,68.18360960577823
2025-10-09 00:27:30,68.18750263304257
2025-10-09 00:27:35,68.19132927790034
2025-10-09 00:27:40,68.19509067227885
2025-10-09 00:27:45,68.19878792880425
2025-10-09 00:27:50,68.20242214113057
2025-10-09 00:27:55,68.20599438426329
2025-10-09 00:28:00,68.20950571487732
2025-10-09 00:28:05,68.21295717162955
2025-10-09 00:28:10,68.2163497754661
2025-10-09 00:28:15,68.21968452992427
2025-10-09 00:28:20,68.22296242142947
2025-10-09 00:28:25,68.22618441958694
2025-10-09 00:28:30,68.22935147746861
2025-10-09 00:28:35,68.23246453189496
2025-10-09 00:28:40,68.23552450371217
2025-10-09 00:28:45,68.23853229806453
2025-10-09 00:28:50,68.24148880466214
2025-10-09 00:28:55,68.2443948980441
2025-10-09 00:29:00,68.24725143783722
2025-10-09 00:29:05,68.25005926901028
2025-10-09 00:29:10,68.25281922212396
2025-10-09 00:29:15,68.25553211357656
2025-10-09 00:29:20,68.25819874584546
2025-10-09 00:29:25,68.2608199077245
2025-10-09 00:29:30,68.2633963745573
2025-10-09 00:29:35,68.26592890846666
2025-10-09 00:29:40,68.26841825857991
2025-10-09 00:29:45,68.27086516125057
2025-10-09 00:29:50,68.27327034027613
2025-10-09 00:29:55,68.27563450711219
2025-10-09 00:30:00,68.27795836108284
2025-10-09 00:30:05,68.28024258958759
2025-10-09 00:30:10,68.28248786830468
2025-10-09 00:30:15,68.28469486139096
2025-10-09 00:30:20,68.28686422167827
2025-10-09 00:30:25,68.28899659086667
2025-10-09 00:30:30,68.29109259971419
2025-10-09 00:30:35,68.2931528682234
2025-10-09 00:30:40,68.29517800582482
2025-10-09 00:30:45,68.29716861155723
2025-10-09 00:30:50,68.29912527424476
2025-10-09 00:30:55,68.30104857267122
2025-10-09 00:31:00,68.30293907575118
2025-10-09 00:31:05,68.30479734269828
2025-10-09 00:31:10,68.30662392319071
2025-10-09 00:31:15,68.30841935753371
2025-10-09 00:31:20,68.31018417681948
2025-10-09 00:31:25,68.3119189030842
2025-10-09 00:31:30,68.31362404946253
2025-10-09 00:31:35,68.31530012033936
2025-10-09 00:31:40,68.31694761149895
2025-10-09 00:31:45,68.31856701027166
2025-10-09 00:31:50,68.32015879567814
2025-10-09 00:31:55,68.32172343857086
2025-10-09 00:32:00,68.32326140177355
2025-10-09 00:32:05,68.32477314021807
2025-10-09 00:32:10,68.32625910107892
2025-10-09 00:32:15,68.32771972390555
2025-10-09 00:32:20,68.3291554407524
2025-10-09 00:32:25,68.33056667630669
2025-10-09 00:32:30,68.33195384801401
2025-10-09 00:32:35,68.33331736620184
2025-10-09 00:32:40,68.33465763420092
2025-10-09 00:32:45,68.33597504846455
2025-10-09 00:32:50,68.33726999868584
2025-10-09 00:32:55,68.33854286791302
2025-10-09 00:33:00,68.33979403266274
2025-10-09 00:33:05,68.3410238630314
2025-10-09 00:33:10,68.3422327228047
2025-10-09 00:33:15,68.34342096956514
2025-10-09 00:33:20,68.34458895479796
2025-10-09 00:33:25,68.3457370239949
2025-10-09 00:33:30,68.3468655167566
2025-10-09 00:33:35,68.34797476689289
2025-10-09 00:33:40,68.34906510252165
2025-10-09 00:33:45,68.35013684616578
2025-10-09 00:33:50,68.3511903148487
2025-10-09 00:33:55,68.352225820188
2025-10-09 00:34:00,68.35324366848774
2025-10-09 00:34:05,68.35424416082897
2025-10-09 00:34:10,68.35522759315884
2025-10-09 00:34:15,68.35619425637812
2025-10-09 00:34:20,68.35714443642722
2025-10-09 00:34:25,68.35807841437087
2025-10-09 00:34:30,68.35899646648113
2025-10-09 00:34:35,68.35989886431919
2025-10-09 00:34:40,68.36078587481572
2025-10-09 00:34:45,68.36165776034973
2025-10-09 00:34:50,68.36251477882628
2025-10-09 00:34:55,68.36335718375275
2025-10-09 00:35:00,68.36418522431377
2025-10-09 00:35:05,68.36499914544498
2025-10-09 00:35:10,68.3657991879055
2025-10-09 00:35:15,68.36658558834907
2025-10-09 00:35:20,68.36735857939414
2025-10-09 00:35:25,68.36811838969261
2025-10-09 00:35:30,68.36886524399755
2025-10-09 00:35:35,68.36959936322954
2025-10-09 00:35:40,68.37032096454219
2025-10-09 00:35:45,68.37103026138624
2025-10-09 00:35:50,68.37172746357277
2025-10-09 00:35:55,68.37241277733523
2025-10-09 00:36:00,68.37308640539048
2025-10-09 00:36:05,68.37374854699871
2025-10-09 00:36:10,68.37439939802239
2025-10-09 00:36:15,68.37503915098425
2025-10-09 00:36:20,68.37566799512418
2025-10-09 00:36:25,68.3762861164552
2025-10-09 00:36:30,68.37689369781856
2025-10-09 00:36:35,68.37749091893774
2025-10-09 00:36:40,68.37807795647163
2025-10-09 00:36:45,68.37865498406683
2025-10-09 00:36:50,68.37922217240896
2025-10-09 00:36:55,68.3797796892732
2025-10-09 00:37:00,68.38032769957388
2025-10-09 00:37:05,68.38086636541327
2025-10-09 00:37:10,68.38139584612954
2025-10-09 00:37:15,68.38191629834387
2025-10-09 00:37:20,68.3824278760068
2025-10-09 00:37:25,68.38293073044382
2025-10-09 00:37:30,68.38342501039999
2025-10-09 00:37:35,68.38391086208406
2025-10-09 00:37:40,68.38438842921173
2025-10-09 00:37:45,68.38485785304805
2025-10-09 00:37:50,68.3853192724493
2025-10-09 00:37:55,68.38577282390403
2025-10-09 00:38:00,68.38621864157346
2025-10-09 00:38:05,68.38665685733112
2025-10-09 00:38:10,68.38708760080188
2025-10-09 00:38:15,68.38751099940032
2025-10-09 00:38:20,68.38792717836839
2025-10-09 00:38:25,68.38833626081244
2025-10-09 00:38:30,68.38873836773968
2025-10-09 00:38:35,68.38913361809394
2025-10-09 00:38:40,68.38952212879089
2025-10-09 00:38:45,68.38990401475255
2025-10-09 00:38:50,68.3902793889414
2025-10-09 00:38:55,68.39064836239365
2025-10-09 00:39:00,68.39101104425222
2025-10-09 00:39:05,68.39136754179897
2025-10-09 00:39:10,68.39171796048639
2025-10-09 00:39:15,68.39206240396886
2025-10-09 00:39:20,68.39240097413328
2025-10-09 00:39:25,68.39273377112922
2025-10-09 00:39:30,68.39306089339853
2025-10-09 00:39:35,68.39338243770447
2025-10-09 00:39:40,68.39369849916032
2025-10-09 00:39:45,68.39400917125757
2025-10-09 00:39:50,68.39431454589345
2025-10-09 00:39:55,68.39461471339825
2025-10-09 00:40:00,68.394909762562
2025-10-09 00:40:05,68.39519978066065
2025-10-09 00:40:10,68.395484853482
2025-10-09 00:40:15,68.39576506535104
2025-10-09 00:40:20,68.39604049915484
2025-10-09 00:40:25,68.39631123636715
2025-10-09 00:40:30,68.39657735707243
2025-10-09 00:40:35,68.3968389399896
2025-10-09 00:40:40,68.39709606249528
2025-10-09 00:40:45,68.39734880064668
2025-10-09 00:40:50,68.39759722920414
2025-10-09 00:40:55,68.3978414216532
2025-10-09 00:41:00,68.39808145022636
2025-10-09 00:41:05,68.3983173859244
2025-10-09 00:41:10,68.3985492985375
2025-10-09 00:41:15,68.39877725666574
2025-10-09 00:41:20,68.39900132773948
2025-10-09 00:41:25,68.39922157803927
2025-10-09 00:41:30,68.39943807271551
2025-10-09 00:41:35,68.39965087580762
2025-10-09 00:41:40,68.39986005026309
2025-10-09 00:41:45,68.40006565795603
2025-10-09 00:41:50,68.40026775970553
2025-10-09 00:41:55,68.40046641529356
2025-10-09 00:42:00,68.40066168348277
2025-10-09 00:42:05,68.40085362203375
2025-10-09 00:42:10,68.40104228772225
2025-10-09 00:42:15,68.40122773635585
2025-10-09 00:42:20,68.40141002279053
2025-10-09 00:42:25,68.4015892009469
2025-10-09 00:42:30,68.40176532382613
2025-10-09 00:42:35,68.40193844352561
2025-10-09 00:42:40,68.40210861125445
2025-10-09 00:42:45,68.40227587734847
2025-10-09 00:42:50,68.40244029128529
2025-10-09 00:42:55,68.40260190169874
2025-10-09 00:43:00,68.40276075639348
2025-10-09 00:43:05,68.40291690235892
2025-10-09 00:43:10,68.40307038578331
2025-10-09 00:43:15,68.40322125206725
2025-10-09 00:43:20,68.40336954583725
2025-10-09 00:43:25,68.40351531095878
2025-10-09 00:43:30,68.40365859054943
2025-10-09 00:43:35,68.40379942699148
2025-10-09 00:43:40,68.4039378619446
2025-10-09 00:43:45,68.40407393635802
2025-10-09 00:43:50,68.40420769048278
2025-10-09 00:43:55,68.40433916388355
2025-10-09 00:44:00,68.40446839545035
2025-10-09 00:44:05,68.40459542341009
2025-10-09 00:44:10,68.4047202853378
2025-10-09 00:44:15,68.40484301816787
2025-10-09 00:44:20,68.40496365820482
2025-10-09 00:44:25,68.40508224113417
2025-10-09 00:44:30,68.40519880203293
2025-10-09 00:44:35,68.40531337537998
2025-10-09 00:44:40,68.4054259950663
2025-10-09 00:44:45,68.40553669440496
2025-10-09 00:44:50,68.40564550614098
2025-10-09 00:44:55,68.40575246246105
2025-10-09 00:45:00,68.40585759500301
2025-10-09 00:45:05,68.40596093486522
2025-10-09 00:45:10,68.40606251261576
2025-10-09 00:45:15,68.40616235830149
2025-10-09 00:45:20,68.40626050145691
2025-10-09 00:45:25,68.40635697111293
2025-10-09 00:45:30,68.40645179580538
2025-10-09 00:45:35,68.4065450035836
2025-10-09 00:45:40,68.40663662201855
2025-10-09 00:45:45,68.40672667821111
2025-10-09 00:45:50,68.40681519880006
2025-10-09 00:45:55,68.40690220996989
2025-10-09 00:46:00,68.40698773745866
2025-10-09 00:46:05,68.40707180656553
2025-10-09 00:46:10,68.40715444215823
2025-10-09 00:46:15,68.40723566868054
2025-10-09 00:46:20,68.40731551015938
2025-10-09 00:46:25,68.40739399021196
2025-10-09 00:46:30,68.4074711320528
2025-10-09 00:46:35,68.4075469585006
2025-10-09 00:46:40,68.40762149198491
2025-10-09 00:46:45,68.40769475455285
2025-10-09 00:46:50,68.40776676787561
2025-10-09 00:46:55,68.40783755325484
2025-10-09 00:47:00,68.40790713162895
2025-10-09 00:47:05,68.40797552357931
2025-10-09 00:47:10,68.4080427493364
2025-10-09 00:47:15,68.4081088287857
2025-10-09 00:47:20,68.40817378147358
2025-10-09 00:47:25,68.40823762661316
2025-10-09 00:47:30,68.40830038308992
2025-10-09 00:47:35,68.40836206946734
2025-10-09 00:47:40,68.40842270399233
2025-10-09 00:47:45,68.40848230460067
2025-10-09 00:47:50,68.4085408889223
2025-10-09 00:47:55,68.40859847428659
2025-10-09 00:48:00,68.40865507772735
2025-10-09 00:48:05,68.40871071598795
2025-10-09 00:48:10,68.4087654055263
2025-10-09 00:48:15,68.40881916251962
2025-10-09 00:48:20,68.40887200286933
2025-10-09 00:48:25,68.40892394220569
2025-10-09 00:48:30,68.40897499589242
2025-10-09 00:48:35,68.40902517903127
2025-10-09 00:48:40,68.40907450646651
2025-10-09 00:48:45,68.40912299278925
2025-10-09 00:48:50,68.40917065234184
2025-10-09 00:48:55,68.40921749922202
2025-10-09 00:49:00,68.40926354728718
2025-10-09 00:49:05,68.40930881015842
2025-10-09 00:49:10,68.40935330122456
2025-10-09 00:49:15,68.4093970336461
2025-10-09 00:49:20,68.40944002035918
2025-10-09 00:49:25,68.40948227407932
2025-10-09 00:49:30,68.40952380730526
2025-10-09 00:49:35,68.40956463232257
2025-10-09 00:49:40,68.40960476120735
2025-10-09 00:49:45,68.40964420582979
2025-10-09 00:49:50,68.40968297785768
2025-10-09 00:49:55,68.40972108875982
2025-10-09 00:50:00,68.4097585498095
2025-10-09 00:50:05,68.40979537208773
2025-10-09 00:50:10,68.4098315664866
2025-10-09 00:50:15,68.40986714371249
2025-10-09 00:50:20,68.40990211428917
2025-10-09 00:50:25,68.409936488561
2025-10-09 00:50:30,68.40997027669594
2025-10-09 00:50:35,68.41000348868857
2025-10-09 00:50:40,68.41003613436307
2025-10-09 00:50:45,68.41006822337604
2025-10-09 00:50:50,68.41009976521948
2025-10-09 00:50:55,68.41013076922351
2025-10-09 00:51:00,68.41016124455918
2025-10-09 00:51:05,68.41019120024112
2025-10-09 00:51:10,68.41022064513025
2025-10-09 00:51:15,68.41024958793645
2025-10-09 00:51:20,68.41027803722103
2025-10-09 00:51:25,68.41030600139932
2025-10-09 00:51:30,68.41033348874319
2025-10-09 00:51:35,68.41036050738342
2025-10-09 00:51:40,68.41038706531215
2025-10-09 00:51:45,68.4104131703853
2025-10-09 00:51:50,68.41043883032474
2025-10-09 00:51:55,68.41046405272076
2025-10-09 00:52:00,68.41048884503415
2025-10-09 00:52:05,68.41051321459854
2025-10-09 00:52:10,68.41053716862247
2025-10-09 00:52:15,68.41056071419158
2025-10-09 00:52:20,68.41058385827067
2025-10-09 00:52:25,68.41060660770582
2025-10-09 00:52:30,68.41062896922632
2025-10-09 00:52:35,68.41065094944678
2025-10-09 00:52:40,68.41067255486894
2025-10-09 00:52:45,68.41069379188374
2025-10-09 00:52:50,68.41071466677312
2025-10-09 00:52:55,68.41073518571189
2025-10-09 00:53:00,68.41075535476959
2025-10-09 00:53:05,68.41077517991228
2025-10-09 00:53:10,68.41079466700423
2025-10-09 00:53:15,68.41081382180977
2025-10-09 00:53:20,68.41083264999492
2025-10-09 00:53:25,68.41085115712909
2025-10-09 00:53:30,68.4108693486867
2025-10-09 00:53:35,68.41088723004886
2025-10-09 00:53:40,68.41090480650489
2025-10-09 00:53:45,68.41092208325395
2025-10-09 00:53:50,68.41093906540651
2025-10-09 00:53:55,68.41095575798592
2025-10-09 00:54:00,68.41097216592988
2025-10-09 00:54:05,68.41098829409187
2025-10-09 00:54:10,68.41100414724264
2025-10-09 00:54:15,68.41101973007156
2025-10-09 00:54:20,68.41103504718807
2025-10-09 00:54:25,68.41105010312299
2025-10-09 00:54:30,68.41106490232988
2025-10-09 00:54:35,68.41107944918637
2025-10-09 00:54:40,68.41109374799547
2025-10-09 00:54:45,68.41110780298675
2025-10-09 00:54:50,68.41112161831771
2025-10-09 00:54:55,68.41113519807496
2025-10-09 00:55:00,68.4111485462754
2025-10-09 00:55:05,68.41116166686744
2025-10-09 00:55:10,68.41117456373219
2025-10-09 00:55:15,68.41118724068455
2025-10-09 00:55:20,68.41119970147439
2025-10-09 00:55:25,68.41121194978761
2025-10-09 00:55:30,68.4112239892473
2025-10-09 00:55:35,68.41123582341476
2025-10-09 00:55:40,68.41124745579052
2025-10-09 00:55:45,68.41125888981549
2025-10-09 00:55:50,68.41127012887183
2025-10-09 00:55:55,68.41128117628412
2025-10-09 00:56:00,68.41129203532017
2025-10-09 00:56:05,68.4113027091921
2025-10-09 00:56:10,68.41131320105727
2025-10-09 00:56:15,68.41132351401917
2025-10-09 00:56:20,68.41133365112842
2025-10-09 00:56:25,68.41134361538357
2025-10-09 00:56:30,68.41135340973206
2025-10-09 00:56:35,68.41136303707108
2025-10-09 00:56:40,68.4113725002484
2025-10-09 00:56:45,68.41138180206327
2025-10-09 00:56:50,68.41139094526716
2025-10-09 00:56:55,68.41139993256465
2025-10-09 00:57:00,68.41140876661419
2025-10-09 00:57:05,68.41141745002889
2025-10-09 00:57:10,68.41142598537736
2025-10-09 00:57:15,68.41143437518433
2025-10-09 00:57:20,68.41144262193154
2025-10-09 00:57:25,68.41145072805838
2025-10-09 00:57:30,68.41145869596265
2025-10-09 00:57:35,68.41146652800128
2025-10-09 00:57:40,68.411474226491
2025-10-09 00:57:45,68.41148179370903
2025-10-09 00:57:50,68.41148923189375
2025-10-09 00:57:55,68.4114965432454
2025-10-09 00:58:00,68.4115037299267
2025-10-09 00:58:05,68.41151079406346
2025-10-09 00:58:10,68.41151773774527
2025-10-09 00:58:15,68.41152456302609
2025-10-09 00:58:20,68.41153127192484
2025-10-09 00:58:25,68.41153786642602
2025-10-09 00:58:30,68.41154434848029
2025-10-09 00:58:35,68.41155072000508
2025-10-09 00:58:40,68.41155698288506
2025-10-09 00:58:45,68.41156313897281
2025-10-09 00:58:50,68.41156919008932
2025-10-09 00:58:55,68.41157513802452
2025-10-09 00:59:00,68.4115809845378
2025-10-09 00:59:05,68.4115867313586
2025-10-09 00:59:10,68.4115923801868
2025-10-09 00:59:15,68.41159793269335
2025-10-09 00:59:20,68.41160339052071
2025-10-09 00:59:25,68.41160875528327
2025-10-09 00:59:30,68.41161402856797
2025-10-09 00:59:35,68.41161921193464
2025-10-09 00:59:40,68.41162430691654
2025-10-09 00:59:45,68.41162931502075
2025-10-09 00:59:50,68.41163423772869
2025-10-09 00:59:55,68.41163907649651
2025-10-09 01:00:00,68.41164383275552
2025-10-09 01:00:05,68.41164850791262
2025-10-09 01:00:10,68.41165310335074
2025-10-09 01:00:15,68.41165762042921
2025-10-09 01:00:20,68.41166206048419
2025-10-09 01:00:25,68.41166642482906
2025-10-09 01:00:30,68.4116707147548
2025-10-09 01:00:35,68.41167493153037
2025-10-09 01:00:40,68.4116790764031
2025-10-09 01:00:45,68.41168315059906
2025-10-09 01:00:50,68.41168715532339
2025-10-09 01:00:55,68.41169109176069
2025-10-09 01:01:00,68.41169496107538
2025-10-09 01:01:05,68.411698764412
2025-10-09 01:01:10,68.41170250289558
2025-10-09 01:01:15,68.41170617763198
2025-10-09 01:01:20,68.41170978970818
2025-10-09 01:01:25,68.41171334019265
2025-10-09 01:01:30,68.41171683013562
2025-10-09 01:01:35,68.41172026056941
2025-10-09 01:01:40,68.41172363250877
2025-10-09 01:01:45,68.4117269469511
2025-10-09 01:01:50,68.41173020487686
2025-10-09 01:01:55,68.4117334072497
2025-10-09 01:02:00,68.41173655501692
2025-10-09 01:02:05,68.4117396491096
2025-10-09 01:02:10,68.41174269044302
2025-10-09 01:02:15,68.41174567991678
2025-10-09 01:02:20,68.41174861841519
2025-10-09 01:02:25,68.41175150680745
2025-10-09 01:02:30,68.41175434594794
2025-10-09 01:02:35,68.41175713667651
2025-10-09 01:02:40,68.41175987981865
2025-10-09 01:02:45,68.41176257618578
2025-10-09 01:02:50,68.41176522657548
2025-10-09 01:02:55,68.41176783177177
2025-10-09 01:03:00,68.41177039254525
2025-10-09 01:03:05,68.4117729096534
2025-10-09 01:03:10,68.41177538384078
2025-10-09 01:03:15,68.41177781583927
2025-10-09 01:03:20,68.41178020636826
2025-10-09 01:03:25,68.41178255613487
2025-10-09 01:03:30,68.41178486583416
2025-10-09 01:03:35,68.41178713614934
2025-10-09 01:03:40,68.41178936775198
2025-10-09 01:03:45,68.4117915613022
2025-10-09 01:03:50,68.41179371744882
2025-10-09 01:03:55,68.41179583682967
2025-10-09 01:04:00,68.41179792007165
2025-10-09 01:04:05,68.41179996779098
2025-10-09 01:04:10,68.4118019805934
2025-10-09 01:04:15,68.41180395907428
2025-10-09 01:04:20,68.41180590381884
2025-10-09 01:04:25,68.4118078154024
2025-10-09 01:04:30,68.41180969439034
2025-10-09 01:04:35,68.41181154133852
2025-10-09 01:04:40,68.41181335679325
2025-10-09 01:04:45,68.41181514129153
2025-10-09 01:04:50,68.41181689536123
2025-10-09 01:04:55,68.41181861952121
2025-10-09 01:05:00,68.41182031428148
2025-10-09 01:05:05,68.41182198014334
2025-10-09 01:05:10,68.41182361759958
2025-10-09 01:05:15,68.41182522713453
2025-10-09 01:05:20,68.41182680922431
2025-10-09 01:05:25,68.4118283643369
2025-10-09 01:05:30,68.41182989293232
2025-10-09 01:05:35,68.4118313954627
2025-10-09 01:05:40,68.41183287237251
2025-10-09 01:05:45,68.41183432409863
2025-10-09 01:05:50,68.41183575107048
2025-10-09 01:05:55,68.41183715371014
2025-10-09 01:06:00,68.41183853243254
2025-10-09 01:06:05,68.41183988764548
2025-10-09 01:06:10,68.41184121974986
2025-10-09 01:06:15,68.4118425291397
2025-10-09 01:06:20,68.41184381620234
2025-10-09 01:06:25,68.41184508131846
2025-10-09 01:06:30,68.41184632486232
2025-10-09 01:06:35,68.41184754720175
2025-10-09 01:06:40,68.4118487486983
2025-10-09 01:06:45,68.41184992970742
2025-10-09 01:06:50,68.41185109057841
2025-10-09 01:06:55,68.41185223165466
2025-10-09 01:07:00,68.41185335327374
2025-10-09 01:07:05,68.4118544557674
2025-10-09 01:07:10,68.41185553946174
2025-10-09 01:07:15,68.41185660467735
2025-10-09 01:07:20,68.41185765172932
2025-10-09 01:07:25,68.41185868092735
2025-10-09 01:07:30,68.4118596925759
2025-10-09 01:07:35,68.41186068697421
2025-10-09 01:07:40,68.41186166441642
2025-10-09 01:07:45,68.41186262519166
2025-10-09 01:07:50,68.41186356958413
2025-10-09 01:07:55,68.41186449787317
2025-10-09 01:08:00,68.41186541033339
2025-10-09 01:08:05,68.41186630723469
2025-10-09 01:08:10,68.41186718884236
2025-10-09 01:08:15,68.41186805541722
2025-10-09 01:08:20,68.41186890721556
2025-10-09 01:08:25,68.41186974448937
2025-10-09 01:08:30,68.4118705674863
2025-10-09 01:08:35,68.41187137644981
2025-10-09 01:08:40,68.41187217161918
2025-10-09 01:08:45,68.41187295322963
2025-10-09 01:08:50,68.41187372151235
2025-10-09 01:08:55,68.41187447669462
2025-10-09 01:09:00,68.41187521899981
2025-10-09 01:09:05,68.41187594864749
2025-10-09 01:09:10,68.4118766658535
2025-10-09 01:09:15,68.41187737083
2025-10-09 01:09:20,68.4118780637855
2025-10-09 01:09:25,68.41187874492499
2025-10-09 01:09:30,68.41187941444994
2025-10-09 01:09:35,68.41188007255843
2025-10-09 01:09:40,68.4118807194451
2025-10-09 01:09:45,68.41188135530129
2025-10-09 01:09:50,68.41188198031512
2025-10-09 01:09:55,68.41188259467145
2025-10-09 01:10:00,68.41188319855202
2025-10-09 01:10:05,68.41188379213544
2025-10-09 01:10:10,68.4118843755973
2025-10-09 01:10:15,68.4118849491102
2025-10-09 01:10:20,68.41188551284378
2025-10-09 01:10:25,68.41188606696478
2025-10-09 01:10:30,68.41188661163713
2025-10-09 01:10:35,68.41188714702194
2025-10-09 01:10:40,68.41188767327756
2025-10-09 01:10:45,68.4118881905597
2025-10-09 01:10:50,68.41188869902132
2025-10-09 01:10:55,68.41188919881284
2025-10-09 01:11:00,68.41188969008212
2025-10-09 01:11:05,68.41189017297447
2025-10-09 01:11:10,68.41189064763272
2025-10-09 01:11:15,68.41189111419727
2025-10-09 01:11:20,68.41189157280616
2025-10-09 01:11:25,68.411892023595
2025-10-09 01:11:30,68.41189246669718
2025-10-09 01:11:35,68.41189290224375
2025-10-09 01:11:40,68.41189333036355
2025-10-09 01:11:45,68.41189375118321
2025-10-09 01:11:50,68.41189416482722
2025-10-09 01:11:55,68.41189457141792
2025-10-09 01:12:00,68.4118949710756
2025-10-09 01:12:05,68.41189536391848
2025-10-09 01:12:10,68.41189575006274
2025-10-09 01:12:15,68.41189612962262
2025-10-09 01:12:20,68.41189650271039
2025-10-09 01:12:25,68.4118968694364
2025-10-09 01:12:30,68.41189722990916
2025-10-09 01:12:35,68.41189758423526
2025-10-09 01:12:40,68.41189793251954
2025-10-09 01:12:45,68.411898274865
2025-10-09 01:12:50,68.41189861137292
2025-10-09 01:12:55,68.41189894214284
2025-10-09 01:13:00,68.41189926727259
2025-10-09 01:13:05,68.41189958685835
2025-10-09 01:13:10,68.41189990099467
2025-10-09 01:13:15,68.41190020977446
2025-10-09 01:13:20,68.41190051328904
2025-10-09 01:13:25,68.41190081162821
2025-10-09 01:13:30,68.41190110488023
2025-10-09 01:13:35,68.41190139313181
2025-10-09 01:13:40,68.41190167646825
2025-10-09 01:13:45,68.41190195497333
2025-10-09 01:13:50,68.41190222872946
2025-10-09 01:13:55,68.4119024978176
2025-10-09 01:14:00,68.41190276231735
2025-10-09 01:14:05,68.41190302230696
2025-10-09 01:14:10,68.41190327786332
2025-10-09 01:14:15,68.41190352906203
2025-10-09 01:14:20,68.41190377597741
2025-10-09 01:14:25,68.41190401868246
2025-10-09 01:14:30,68.41190425724902
2025-10-09 01:14:35,68.41190449174762
2025-10-09 01:14:40,68.41190472224766
2025-10-09 01:14:45,68.41190494881728
2025-10-09 01:14:50,68.41190517152353
2025-10-09 01:14:55,68.41190539043227
2025-10-09 01:15:00,68.41190560560827
2025-10-09 01:15:05,68.41190581711517
2025-10-09 01:15:10,68.41190602501554
2025-10-09 01:15:15,68.41190622937087
2025-10-09 01:15:20,68.4119064302416
2025-10-09 01:15:25,68.41190662768717
2025-10-09 01:15:30,68.41190682176598
2025-10-09 01:15:35,68.41190701253542
2025-10-09 01:15:40,68.41190720005194
2025-10-09 01:15:45,68.411907384371
2025-10-09 01:15:50,68.41190756554712
2025-10-09 01:15:55,68.4119077436339
2025-10-09 01:16:00,68.41190791868401
2025-10-09 01:16:05,68.41190809074922
2025-10-09 01:16:10,68.41190825988046
2025-10-09 01:16:15,68.41190842612772
2025-10-09 01:16:20,68.41190858954022
2025-10-09 01:16:25,68.41190875016625
2025-10-09 01:16:30,68.41190890805336
2025-10-09 01:16:35,68.41190906324823
2025-10-09 01:16:40,68.41190921579678
2025-10-09 01:16:45,68.41190936574414
2025-10-09 01:16:50,68.41190951313465
2025-10-09 01:16:55,68.4119096580119
2025-10-09 01:17:00,68.41190980041877
2025-10-09 01:17:05,68.41190994039736
2025-10-09 01:17:10,68.4119100779891
2025-10-09 01:17:15,68.41191021323469
2025-10-09 01:17:20,68.41191034617411
2025-10-09 01:17:25,68.4119104768467
2025-10-09 01:17:30,68.41191060529111
2025-10-09 01:17:35,68.41191073154535
2025-10-09 01:17:40,68.41191085564674
2025-10-09 01:17:45,68.41191097763199
2025-10-09 01:17:50,68.41191109753721
2025-10-09 01:17:55,68.41191121539785
2025-10-09 01:18:00,68.41191133124876
2025-10-09 01:18:05,68.41191144512425
2025-10-09 01:18:10,68.41191155705796
2025-10-09 01:18:15,68.41191166708302
2025-10-09 01:18:20,68.41191177523199
2025-10-09 01:18:25,68.41191188153682
2025-10-09 01:18:30,68.411911986029
2025-10-09 01:18:35,68.41191208873941
2025-10-09 01:18:40,68.41191218969846
2025-10-09 01:18:45,68.41191228893598
2025-10-09 01:18:50,68.41191238648133
2025-10-09 01:18:55,68.41191248236339
2025-10-09 01:19:00,68.4119125766105
2025-10-09 01:19:05,68.41191266925055
2025-10-09 01:19:10,68.41191276031094
2025-10-09 01:19:15,68.41191284981859
2025-10-09 01:19:20,68.4119129378
2025-10-09 01:19:25,68.41191302428118
2025-10-09 01:19:30,68.41191310928772
2025-10-09 01:19:35,68.41191319284476
2025-10-09 01:19:40,68.41191327497701
2025-10-09 01:19:45,68.41191335570878
2025-10-09 01:19:50,68.41191343506394
2025-10-09 01:19:55,68.41191351306597
2025-10-09 01:20:00,68.41191358973794
2025-10-09 01:20:05,68.41191366510253
2025-10-09 01:20:10,68.41191373918203
2025-10-09 01:20:15,68.41191381199835
2025-10-09 01:20:20,68.41191388357304
2025-10-09 01:20:25,68.41191395392725
2025-10-09 01:20:30,68.41191402308182
2025-10-09 01:20:35,68.4119140910572
2025-10-09 01:20:40,68.41191415787348
2025-10-09 01:20:45,68.41191422355044
2025-10-09 01:20:50,68.4119142881075
2025-10-09 01:20:55,68.41191435156375
2025-10-09 01:21:00,68.41191441393798
2025-10-09 01:21:05,68.41191447524862
2025-10-09 01:21:10,68.41191453551382
2025-10-09 01:21:15,68.4119145947514
2025-10-09 01:21:20,68.41191465297888
2025-10-09 01:21:25,68.4119147102135
2025-10-09 01:21:30,68.41191476647215
2025-10-09 01:21:35,68.41191482177152
2025-10-09 01:21:40,68.41191487612794
2025-10-09 01:21:45,68.4119149295575
2025-10-09 01:21:50,68.411914982076
2025-10-09 01:21:55,68.41191503369897
2025-10-09 01:22:00,68.41191508444169
2025-10-09 01:22:05,68.41191513431916
2025-10-09 01:22:10,68.41191518334614
2025-10-09 01:22:15,68.41191523153712
2025-10-09 01:22:20,68.41191527890639
2025-10-09 01:22:25,68.41191532546792
2025-10-09 01:22:30,68.41191537123551
2025-10-09 01:22:35,68.41191541622268
2025-10-09 01:22:40,68.41191546044274
2025-10-09 01:22:45,68.41191550390879
2025-10-09 01:22:50,68.41191554663367
2025-10-09 01:22:55,68.41191558863002
2025-10-09 01:23:00,68.41191562991027
2025-10-09 01:23:05,68.41191567048662
2025-10-09 01:23:10,68.41191571037108
2025-10-09 01:23:15,68.41191574957544
2025-10-09 01:23:20,68.4119157881113
2025-10-09 01:23:25,68.41191582599008
2025-10-09 01:23:30,68.41191586322294
2025-10-09 01:23:35,68.41191589982094
2025-10-09 01:23:40,68.41191593579488
2025-10-09 01:23:45,68.4119159711554
2025-10-09 01:23:50,68.41191600591297
2025-10-09 01:23:55,68.41191604007787
2025-10-09 01:24:00,68.4119160736602
2025-10-09 01:24:05,68.41191610666989
2025-10-09 01:24:10,68.41191613911673
2025-10-09 01:24:15,68.41191617101028
2025-10-09 01:24:20,68.41191620236
2025-10-09 01:24:25,68.41191623317516
2025-10-09 01:24:30,68.41191626346487
2025-10-09 01:24:35,68.4119162932381
2025-10-09 01:24:40,68.41191632250363
2025-10-09 01:24:45,68.41191635127014
2025-10-09 01:24:50,68.41191637954614
2025-10-09 01:24:55,68.41191640733999
2025-10-09 01:25:00,68.4119164346599
2025-10-09 01:25:05,68.41191646151397
2025-10-09 01:25:10,68.41191648791013
2025-10-09 01:25:15,68.4119165138562
2025-10-09 01:25:20,68.41191653935985
2025-10-09 01:25:25,68.41191656442861
2025-10-09 01:25:30,68.41191658906992
2025-10-09 01:25:35,68.41191661329104
2025-10-09 01:25:40,68.41191663709917
2025-10-09 01:25:45,68.41191666050132
2025-10-09 01:25:50,68.41191668350443
2025-10-09 01:25:55,68.41191670611529
2025-10-09 01:26:00,68.4119167283406
2025-10-09 01:26:05,68.41191675018695
2025-10-09 01:26:10,68.41191677166077
2025-10-09 01:26:15,68.41191679276842
2025-10-09 01:26:20,68.41191681351617
2025-10-09 01:26:25,68.41191683391013
2025-10-09 01:26:30,68.41191685395633
2025-10-09 01:26:35,68.41191687366072
2025-10-09 01:26:40,68.41191689302912
2025-10-09 01:26:45,68.41191691206724
2025-10-09 01:26:50,68.41191693078075
2025-10-09 01:26:55,68.41191694917515
2025-10-09 01:27:00,68.4119169672559
2025-10-09 01:27:05,68.41191698502836
2025-10-09 01:27:10,68.41191700249774
2025-10-09 01:27:15,68.41191701966926
2025-10-09 01:27:20,68.41191703654798
2025-10-09 01:27:25,68.41191705313888
2025-10-09 01:27:30,68.41191706944689
2025-10-09 01:27:35,68.41191708547682
2025-10-09 01:27:40,68.4119171012334
2025-10-09 01:27:45,68.41191711672131
2025-10-09 01:27:50,68.41191713194513
2025-10-09 01:27:55,68.41191714690936
2025-10-09 01:28:00,68.41191716161842
2025-10-09 01:28:05,68.41191717607667
2025-10-09 01:28:10,68.41191719028839
2025-10-09 01:28:15,68.41191720425778
2025-10-09 01:28:20,68.41191721798896
2025-10-09 01:28:25,68.411917231486
2025-10-09 01:28:30,68.41191724475289
2025-10-09 01:28:35,68.41191725779356
2025-10-09 01:28:40,68.41191727061188
2025-10-09 01:28:45,68.41191728321161
2025-10-09 01:28:50,68.4119172955965
2025-10-09 01:28:55,68.41191730777021
2025-10-09 01:29:00,68.41191731973633
2025-10-09 01:29:05,68.41191733149843
2025-10-09 01:29:10,68.41191734305994
2025-10-09 01:29:15,68.41191735442432
2025-10-09 01:29:20,68.41191736559493
2025-10-09 01:29:25,68.41191737657505
2025-10-09 01:29:30,68.41191738736794
2025-10-09 01:29:35,68.4119173979768
2025-10-09 01:29:40,68.41191740840476
2025-10-09 01:29:45,68.4119174186549
2025-10-09 01:29:50,68.41191742873026
2025-10-09 01:29:55,68.41191743863382
2025-10-09 01:30:00,68.41191744836851
2025-10-09 01:30:05,68.41191745793722
2025-10-09 01:30:10,68.41191746734275
2025-10-09 01:30:15,68.41191747658792
2025-10-09 01:30:20,68.41191748567542
2025-10-09 01:30:25,68.41191749460798
2025-10-09 01:30:30,68.41191750338822
2025-10-09 01:30:35,68.41191751201875
2025-10-09 01:30:40,68.4119175205021
2025-10-09 01:30:45,68.4119175288408
2025-10-09 01:30:50,68.41191753703733
2025-10-09 01:30:55,68.41191754509407
2025-10-09 01:31:00,68.41191755301345
2025-10-09 01:31:05,68.41191756079778
2025-10-09 01:31:10,68.41191756844938
2025-10-09 01:31:15,68.4119175759705
2025-10-09 01:31:20,68.41191758336338
2025-10-09 01:31:25,68.4119175906302
2025-10-09 01:31:30,68.41191759777311
2025-10-09 01:31:35,68.41191760479421
2025-10-09 01:31:40,68.4119176116956
2025-10-09 01:31:45,68.41191761847931
2025-10-09 01:31:50,68.41191762514734
2025-10-09 01:31:55,68.41191763170168
2025-10-09 01:32:00,68.41191763814425
2025-10-09 01:32:05,68.41191764447697
2025-10-09 01:32:10,68.4119176507017
2025-10-09 01:32:15,68.4119176568203
2025-10-09 01:32:20,68.41191766283455
2025-10-09 01:32:25,68.41191766874626
2025-10-09 01:32:30,68.41191767455716
2025-10-09 01:32:35,68.41191768026897
2025-10-09 01:32:40,68.4119176858834
2025-10-09 01:32:45,68.41191769140208
2025-10-09 01:32:50,68.41191769682666
2025-10-09 01:32:55,68.41191770215875
2025-10-09 01:33:00,68.41191770739991
2025-10-09 01:33:05,68.41191771255171
2025-10-09 01:33:10,68.41191771761565
2025-10-09 01:33:15,68.41191772259326
2025-10-09 01:33:20,68.41191772748599
2025-10-09 01:33:25,68.41191773229528
2025-10-09 01:33:30,68.41191773702256
2025-10-09 01:33:35,68.41191774166924
2025-10-09 01:33:40,68.4119177462367
2025-10-09 01:33:45,68.41191775072626
2025-10-09 01:33:50,68.41191775513927
2025-10-09 01:33:55,68.41191775947702
2025-10-09 01:34:00,68.41191776374082
2025-10-09 01:34:05,68.41191776793191
2025-10-09 01:34:10,68.41191777205154
2025-10-09 01:34:15,68.41191777610092
2025-10-09 01:34:20,68.41191778008125
2025-10-09 01:34:25,68.41191778399372
2025-10-09 01:34:30,68.41191778783946
2025-10-09 01:34:35,68.41191779161963
2025-10-09 01:34:40,68.41191779533534
2025-10-09 01:34:45,68.4119177989877
2025-10-09 01:34:50,68.41191780257778
2025-10-09 01:34:55,68.41191780610663
2025-10-09 01:35:00,68.41191780957531
2025-10-09 01:35:05,68.41191781298485
2025-10-09 01:35:10,68.41191781633626
2025-10-09 01:35:15,68.4119178196305
2025-10-09 01:35:20,68.41191782286859
2025-10-09 01:35:25,68.41191782605145
2025-10-09 01:35:30,68.41191782918006
2025-10-09 01:35:35,68.4119178322553
2025-10-09 01:35:40,68.4119178352781
2025-10-09 01:35:45,68.41191783824937
2025-10-09 01:35:50,68.41191784116997
2025-10-09 01:35:55,68.41191784404077
2025-10-09 01:36:00,68.41191784686262
2025-10-09 01:36:05,68.41191784963634
2025-10-09 01:36:10,68.41191785236278
2025-10-09 01:36:15,68.41191785504272
2025-10-09 01:36:20,68.41191785767697
2025-10-09 01:36:25,68.4119178602663
2025-10-09 01:36:30,68.41191786281148
2025-10-09 01:36:35,68.41191786531324
2025-10-09 01:36:40,68.41191786777236
2025-10-09 01:36:45,68.41191787018955
2025-10-09 01:36:50,68.41191787256552
2025-10-09 01:36:55,68.41191787490098
2025-10-09 01:37:00,68.4119178771966
2025-10-09 01:37:05,68.41191787945309
2025-10-09 01:37:10,68.4119178816711
2025-10-09 01:37:15,68.41191788385129
2025-10-09 01:37:20,68.4119178859943
2025-10-09 01:37:25,68.41191788810077
2025-10-09 01:37:30,68.41191789017132
2025-10-09 01:37:35,68.41191789220657
2025-10-09 01:37:40,68.41191789420712
2025-10-09 01:37:45,68.41191789617355
2025-10-09 01:37:50,68.41191789810645
2025-10-09 01:37:55,68.41191790000639
2025-10-09 01:38:00,68.41191790187393
2025-10-09 01:38:05,68.41191790370962
2025-10-09 01:38:10,68.41191790551403
2025-10-09 01:38:15,68.41191790728766
2025-10-09 01:38:20,68.41191790903103
2025-10-09 01:38:25,68.41191791074469
2025-10-09 01:38:30,68.41191791242913
2025-10-09 01:38:35,68.41191791408485
2025-10-09 01:38:40,68.41191791571234
2025-10-09 01:38:45,68.41191791731207
2025-10-09 01:38:50,68.41191791888451
2025-10-09 01:38:55,68.41191792043016
2025-10-09 01:39:00,68.41191792194944
2025-10-09 01:39:05,68.41191792344281
2025-10-09 01:39:10,68.41191792491074
2025-10-09 01:39:15,68.41191792635361
2025-10-09 01:39:20,68.4119179277719
2025-10-09 01:39:25,68.411917929166
2025-10-09 01:39:30,68.41191793053632
2025-10-09 01:39:35,68.41191793188328
2025-10-09 01:39:40,68.41191793320726
2025-10-09 01:39:45,68.41191793450868
2025-10-09 01:39:50,68.4119179357879
2025-10-09 01:39:55,68.41191793704532
2025-10-09 01:40:00,68.41191793828128
2025-10-09 01:40:05,68.41191793949618
2025-10-09 01:40:10,68.41191794069036
2025-10-09 01:40:15,68.41191794186417
2025-10-09 01:40:20,68.41191794301797
2025-10-09 01:40:25,68.4119179441521
2025-10-09 01:40:30,68.41191794526688
2025-10-09 01:40:35,68.41191794636266
2025-10-09 01:40:40,68.41191794743976
2025-10-09 01:40:45,68.41191794849848
2025-10-09 01:40:50,68.41191794953916
2025-10-09 01:40:55,68.41191795056208
2025-10-09 01:41:00,68.41191795156757
2025-10-09 01:41:05,68.41191795255591
2025-10-09 01:41:10,68.41191795352741
2025-10-09 01:41:15,68.41191795448232
2025-10-09 01:41:20,68.41191795542096
2025-10-09 01:41:25,68.4119179563436
2025-10-09 01:41:30,68.41191795725051
2025-10-09 01:41:35,68.41191795814194
2025-10-09 01:41:40,68.41191795901818
2025-10-09 01:41:45,68.41191795987947
2025-10-09 01:41:50,68.41191796072609
2025-10-09 01:41:55,68.41191796155826
2025-10-09 01:42:00,68.41191796237625
2025-10-09 01:42:05,68.41191796318029
2025-10-09 01:42:10,68.41191796397061
2025-10-09 01:42:15,68.41191796474746
2025-10-09 01:42:20,68.41191796551107
2025-10-09 01:42:25,68.41191796626164
2025-10-09 01:42:30,68.41191796699943
2025-10-09 01:42:35,68.41191796772463
2025-10-09 01:42:40,68.41191796843746
2025-10-09 01:42:45,68.41191796913814
2025-10-09 01:42:50,68.41191796982689
2025-10-09 01:42:55,68.41191797050388
2025-10-09 01:43:00,68.41191797116932
2025-10-09 01:43:05,68.41191797182341
2025-10-09 01:43:10,68.41191797246637
2025-10-09 01:43:15,68.41191797309835
2025-10-09 01:43:20,68.41191797371955
2025-10-09 01:43:25,68.41191797433017
2025-10-09 01:43:30,68.41191797493038
2025-10-09 01:43:35,68.41191797552034
2025-10-09 01:43:40,68.41191797610026
2025-10-09 01:43:45,68.41191797667027
2025-10-09 01:43:50,68.41191797723057
2025-10-09 01:43:55,68.41191797778131
2025-10-09 01:44:00,68.41191797832266
2025-10-09 01:44:05,68.41191797885479
2025-10-09 01:44:10,68.41191797937785
2025-10-09 01:44:15,68.41191797989198
2025-10-09 01:44:20,68.41191798039733
2025-10-09 01:44:25,68.41191798089409
2025-10-09 01:44:30,68.41191798138236
2025-10-09 01:44:35,68.41191798186232
2025-10-09 01:44:40,68.41191798233409
2025-10-09 01:44:45,68.4119179827978
2025-10-09 01:44:50,68.41191798325362
2025-10-09 01:44:55,68.41191798370166
2025-10-09 01:45:00,68.41191798414206
2025-10-09 01:45:05,68.41191798457496
2025-10-09 01:45:10,68.41191798500047
2025-10-09 01:45:15,68.41191798541873
2025-10-09 01:45:20,68.41191798582986
2025-10-09 01:45:25,68.41191798623397
2025-10-09 01:45:30,68.4119179866312
2025-10-09 01:45:35,68.41191798702164
2025-10-09 01:45:40,68.41191798740543
2025-10-09 01:45:45,68.41191798778269
2025-10-09 01:45:50,68.41191798815349
2025-10-09 01:45:55,68.41191798851798
2025-10-09 01:46:00,68.41191798887627
2025-10-09 01:46:05,68.41191798922843
2025-10-09 01:46:10,68.41191798957459
2025-10-09 01:46:15,68.41191798991485
2025-10-09 01:46:20,68.41191799024932
2025-10-09 01:46:25,68.41191799057808
2025-10-09 01:46:30,68.41191799090122
2025-10-09 01:46:35,68.41191799121886
2025-10-09 01:46:40,68.41191799153108
2025-10-09 01:46:45,68.41191799183798
2025-10-09 01:46:50,68.41191799213965
2025-10-09 01:46:55,68.41191799243617
2025-10-09 01:47:00,68.41191799272764
2025-10-09 01:47:05,68.41191799301413
2025-10-09 01:47:10,68.41191799329575
2025-10-09 01:47:15,68.41191799357254
2025-10-09 01:47:20,68.41191799384464
2025-10-09 01:47:25,68.41191799411209
2025-10-09 01:47:30,68.41191799437497
2025-10-09 01:47:35,68.41191799463338
2025-10-09 01:47:40,68.41191799488738
2025-10-09 01:47:45,68.41191799513705
2025-10-09 01:47:50,68.41191799538247
2025-10-09 01:47:55,68.41191799562368
2025-10-09 01:48:00,68.4119179958608
2025-10-09 01:48:05,68.41191799609388
2025-10-09 01:48:10,68.41191799632297
2025-10-09 01:48:15,68.41191799654815
2025-10-09 01:48:20,68.4119179967695
2025-10-09 01:48:25,68.41191799698709
2025-10-09 01:48:30,68.41191799720094
2025-10-09 01:48:35,68.41191799741117
2025-10-09 01:48:40,68.4119179976178
2025-10-09 01:48:45,68.41191799782091
2025-10-09 01:48:50,68.41191799802056
2025-10-09 01:48:55,68.41191799821681
2025-10-09 01:49:00,68.41191799840969
2025-10-09 01:49:05,68.41191799859931
2025-10-09 01:49:10,68.41191799878568
2025-10-09 01:49:15,68.41191799896887
2025-10-09 01:49:20,68.41191799914895
2025-10-09 01:49:25,68.41191799932595
2025-10-09 01:49:30,68.41191799949993
2025-10-09 01:49:35,68.41191799967095
2025-10-09 01:49:40,68.41191799983905
2025-10-09 01:49:45,68.41191800000429
2025-10-09 01:49:50,68.41191800016671
2025-10-09 01:49:55,68.41191800032635
2025-10-09 01:50:00,68.41191800048328
2025-10-09 01:50:05,68.41191800063753
2025-10-09 01:50:10,68.41191800078914
2025-10-09 01:50:15,68.41191800093819
2025-10-09 01:50:20,68.41191800108467
2025-10-09 01:50:25,68.41191800122867
2025-10-09 01:50:30,68.41191800137021
2025-10-09 01:50:35,68.41191800150933
2025-10-09 01:50:40,68.41191800164609
2025-10-09 01:50:45,68.4119180017805
2025-10-09 01:50:50,68.41191800191264
2025-10-09 01:50:55,68.41191800204251
2025-10-09 01:51:00,68.41191800217018
2025-10-09 01:51:05,68.41191800229566
2025-10-09 01:51:10,68.41191800241901
2025-10-09 01:51:15,68.41191800254025
2025-10-09 01:51:20,68.41191800265942
2025-10-09 01:51:25,68.41191800277657
2025-10-09 01:51:30,68.41191800289171
2025-10-09 01:51:35,68.4119180030049
2025-10-09 01:51:40,68.41191800311614
2025-10-09 01:51:45,68.41191800322551
2025-10-09 01:51:50,68.41191800333299
2025-10-09 01:51:55,68.41191800343864
2025-10-09 01:52:00,68.41191800354251
2025-10-09 01:52:05,68.41191800364459
2025-10-09 01:52:10,68.41191800374493
2025-10-09 01:52:15,68.41191800384357
2025-10-09 01:52:20,68.41191800394051
2025-10-09 01:52:25,68.41191800403581
2025-10-09 01:52:30,68.41191800412949
2025-10-09 01:52:35,68.41191800422156
2025-10-09 01:52:40,68.41191800431207
2025-10-09 01:52:45,68.41191800440103
2025-10-09 01:52:50,68.41191800448848
2025-10-09 01:52:55,68.41191800457443
2025-10-09 01:53:00,68.41191800465892
2025-10-09 01:53:05,68.41191800474196
2025-10-09 01:53:10,68.4119180048236
2025-10-09 01:53:15,68.41191800490384
2025-10-09 01:53:20,68.41191800498271
2025-10-09 01:53:25,68.41191800506024
2025-10-09 01:53:30,68.41191800513644
2025-10-09 01:53:35,68.41191800521135
2025-10-09 01:53:40,68.41191800528497
2025-10-09 01:53:45,68.41191800535735
2025-10-09 01:53:50,68.41191800542849
2025-10-09 01:53:55,68.41191800549842
2025-10-09 01:54:00,68.41191800556714
2025-10-09 01:54:05,68.41191800563472
2025-10-09 01:54:10,68.41191800570112
2025-10-09 01:54:15,68.4119180057664
2025-10-09 01:54:20,68.41191800583056
2025-10-09 01:54:25,68.41191800589363
2025-10-09 01:54:30,68.41191800595563
2025-10-09 01:54:35,68.41191800601656
2025-10-09 01:54:40,68.41191800607646
2025-10-09 01:54:45,68.41191800613534
2025-10-09 01:54:50,68.4119180061932
2025-10-09 01:54:55,68.41191800625009
2025-10-09 01:55:00,68.41191800630601
2025-10-09 01:55:05,68.41191800636098
2025-10-09 01:55:10,68.41191800641501
2025-10-09 01:55:15,68.4119180064681
2025-10-09 01:55:20,68.41191800652031
2025-10-09 01:55:25,68.41191800657161
2025-10-09 01:55:30,68.41191800662205
2025-10-09 01:55:35,68.41191800667161
2025-10-09 01:55:40,68.41191800672034
2025-10-09 01:55:45,68.41191800676825
2025-10-09 01:55:50,68.41191800681533
2025-10-09 01:55:55,68.4119180068616
2025-10-09 01:56:00,68.41191800690709
2025-10-09 01:56:05,68.41191800695181
2025-10-09 01:56:10,68.41191800699576
2025-10-09 01:56:15,68.41191800703896
2025-10-09 01:56:20,68.41191800708143
2025-10-09 01:56:25,68.41191800712316
2025-10-09 01:56:30,68.41191800716419
2025-10-09 01:56:35,68.41191800720452
2025-10-09 01:56:40,68.41191800724417
2025-10-09 01:56:45,68.41191800728313
2025-10-09 01:56:50,68.41191800732143
2025-10-09 01:56:55,68.41191800735908
2025-10-09 01:57:00,68.41191800739608
2025-10-09 01:57:05,68.41191800743246
2025-10-09 01:57:10,68.41191800746822
2025-10-09 01:57:15,68.41191800750336
2025-10-09 01:57:20,68.4119180075379
2025-10-09 01:57:25,68.41191800757186
2025-10-09 01:57:30,68.41191800760524
2025-10-09 01:57:35,68.41191800763805
2025-10-09 01:57:40,68.4119180076703
2025-10-09 01:57:45,68.411918007702
2025-10-09 01:57:50,68.41191800773315
2025-10-09 01:57:55,68.41191800776379
2025-10-09 01:58:00,68.41191800779389
2025-10-09 01:58:05,68.41191800782347
2025-10-09 01:58:10,68.41191800785256
2025-10-09 01:58:15,68.41191800788116
2025-10-09 01:58:20,68.41191800790926
2025-10-09 01:58:25,68.41191800793689
2025-10-09 01:58:30,68.41191800796403
2025-10-09 01:58:35,68.41191800799074
2025-10-09 01:58:40,68.41191800801697
2025-10-09 01:58:45,68.41191800804275
2025-10-09 01:58:50,68.4119180080681
2025-10-09 01:58:55,68.41191800809301
2025-10-09 01:59:00,68.41191800811751
2025-10-09 01:59:05,68.41191800814158
2025-10-09 01:59:10,68.41191800816524
2025-10-09 01:59:15,68.41191800818851
2025-10-09 01:59:20,68.41191800821137
2025-10-09 01:59:25,68.41191800823384
2025-10-09 01:59:30,68.41191800825594
2025-10-09 01:59:35,68.41191800827764
2025-10-09 01:59:40,68.41191800829898
2025-10-09 01:59:45,68.41191800831997
2025-10-09 01:59:50,68.41191800834059
2025-10-09 01:59:55,68.41191800836086
2025-10-09 02:00:00,68.41191800838078
2025-10-09 02:00:05,68.41191800840036
2025-10-09 02:00:10,68.41191800841962
2025-10-09 02:00:15,68.41191800843853
2025-10-09 02:00:20,68.41191800845714
2025-10-09 02:00:25,68.41191800847542
2025-10-09 02:00:30,68.41191800849339
2025-10-09 02:00:35,68.41191800851105
2025-10-09 02:00:40,68.41191800852842
2025-10-09 02:00:45,68.41191800854548
2025-10-09 02:00:50,68.41191800856227
2025-10-09 02:00:55,68.41191800857875
2025-10-09 02:01:00,68.41191800859497
2025-10-09 02:01:05,68.4119180086109
2025-10-09 02:01:10,68.41191800862656
2025-10-09 02:01:15,68.41191800864195
2025-10-09 02:01:20,68.41191800865708
2025-10-09 02:01:25,68.41191800867195
2025-10-09 02:01:30,68.41191800868657
2025-10-09 02:01:35,68.41191800870094
2025-10-09 02:01:40,68.41191800871506
2025-10-09 02:01:45,68.41191800872895
2025-10-09 02:01:50,68.4119180087426
2025-10-09 02:01:55,68.41191800875602
2025-10-09 02:02:00,68.41191800876919
2025-10-09 02:02:05,68.41191800878217
2025-10-09 02:02:10,68.4119180087949
2025-10-09 02:02:15,68.41191800880742
2025-10-09 02:02:20,68.41191800881973
2025-10-09 02:02:25,68.41191800883183
2025-10-09 02:02:30,68.41191800884373
2025-10-09 02:02:35,68.41191800885541
2025-10-09 02:02:40,68.4119180088669
2025-10-09 02:02:45,68.4119180088782
2025-10-09 02:02:50,68.4119180088893
2025-10-09 02:02:55,68.41191800890022
2025-10-09 02:03:00,68.41191800891094
2025-10-09 02:03:05,68.41191800892149
2025-10-09 02:03:10,68.41191800893185
2025-10-09 02:03:15,68.41191800894204
2025-10-09 02:03:20,68.41191800895206
2025-10-09 02:03:25,68.41191800896189
2025-10-09 02:03:30,68.41191800897157
2025-10-09 02:03:35,68.41191800898109
2025-10-09 02:03:40,68.41191800899043
2025-10-09 02:03:45,68.41191800899962
2025-10-09 02:03:50,68.41191800900866
2025-10-09 02:03:55,68.41191800901753
2025-10-09 02:04:00,68.41191800902625
2025-10-09 02:04:05,68.41191800903484
2025-10-09 02:04:10,68.41191800904326
2025-10-09 02:04:15,68.41191800905156
2025-10-09 02:04:20,68.4119180090597
2025-10-09 02:04:25,68.4119180090677
2025-10-09 02:04:30,68.41191800907558
2025-10-09 02:04:35,68.41191800908332
2025-10-09 02:04:40,68.41191800909093
2025-10-09 02:04:45,68.4119180090984
2025-10-09 02:04:50,68.41191800910575
2025-10-09 02:04:55,68.41191800911297
2025-10-09 02:05:00,68.41191800912007
2025-10-09 02:05:05,68.41191800912705
2025-10-09 02:05:10,68.4119180091339
2025-10-09 02:05:15,68.41191800914065
2025-10-09 02:05:20,68.41191800914727
2025-10-09 02:05:25,68.4119180091538
2025-10-09 02:05:30,68.41191800916019
2025-10-09 02:05:35,68.41191800916648
2025-10-09 02:05:40,68.41191800917268
2025-10-09 02:05:45,68.41191800917875
2025-10-09 02:05:50,68.41191800918473
2025-10-09 02:05:55,68.41191800919061
2025-10-09 02:06:00,68.41191800919638
2025-10-09 02:06:05,68.41191800920205
2025-10-09 02:06:10,68.41191800920764
2025-10-09 02:06:15,68.41191800921312
2025-10-09 02:06:20,68.41191800921852
2025-10-09 02:06:25,68.41191800922381
2025-10-09 02:06:30,68.41191800922903
2025-10-09 02:06:35,68.41191800923414
2025-10-09 02:06:40,68.41191800923919
2025-10-09 02:06:45,68.41191800924413
2025-10-09 02:06:50,68.41191800924899
2025-10-09 02:06:55,68.41191800925377
2025-10-09 02:07:00,68.41191800925847
2025-10-09 02:07:05,68.41191800926309
2025-10-09 02:07:10,68.41191800926762
2025-10-09 02:07:15,68.41191800927209
2025-10-09 02:07:20,68.41191800927648
2025-10-09 02:07:25,68.41191800928078
2025-10-09 02:07:30,68.41191800928503
2025-10-09 02:07:35,68.4119180092892
2025-10-09 02:07:40,68.41191800929329
2025-10-09 02:07:45,68.41191800929731
2025-10-09 02:07:50,68.41191800930126
2025-10-09 02:07:55,68.41191800930515
2025-10-09 02:08:00,68.41191800930898
2025-10-09 02:08:05,68.41191800931273
2025-10-09 02:08:10,68.41191800931642
2025-10-09 02:08:15,68.41191800932006
2025-10-09 02:08:20,68.41191800932363
2025-10-09 02:08:25,68.41191800932714
2025-10-09 02:08:30,68.41191800933058
2025-10-09 02:08:35,68.41191800933397
2025-10-09 02:08:40,68.4119180093373
2025-10-09 02:08:45,68.41191800934057
2025-10-09 02:08:50,68.4119180093438
2025-10-09 02:08:55,68.41191800934696
2025-10-09 02:09:00,68.41191800935006
2025-10-09 02:09:05,68.41191800935312
2025-10-09 02:09:10,68.41191800935613
2025-10-09 02:09:15,68.41191800935908
2025-10-09 02:09:20,68.41191800936198
2025-10-09 02:09:25,68.41191800936484
2025-10-09 02:09:30,68.41191800936764
2025-10-09 02:09:35,68.4119180093704
2025-10-09 02:09:40,68.41191800937311
2025-10-09 02:09:45,68.41191800937577
2025-10-09 02:09:50,68.41191800937838
2025-10-09 02:09:55,68.41191800938097
2025-10-09 02:10:00,68.4119180093835
2025-10-09 02:10:05,68.41191800938599
2025-10-09 02:10:10,68.41191800938843
2025-10-09 02:10:15,68.41191800939083
2025-10-09 02:10:20,68.41191800939319
2025-10-09 02:10:25,68.4119180093955
2025-10-09 02:10:30,68.4119180093978
2025-10-09 02:10:35,68.41191800940003
2025-10-09 02:10:40,68.41191800940224
2025-10-09 02:10:45,68.4119180094044
2025-10-09 02:10:50,68.41191800940653
2025-10-09 02:10:55,68.41191800940862
2025-10-09 02:11:00,68.41191800941068
2025-10-09 02:11:05,68.4119180094127
2025-10-09 02:11:10,68.41191800941469
2025-10-09 02:11:15,68.41191800941665
2025-10-09 02:11:20,68.41191800941857
2025-10-09 02:11:25,68.41191800942046
2025-10-09 02:11:30,68.41191800942232
2025-10-09 02:11:35,68.41191800942414
2025-10-09 02:11:40,68.41191800942593
2025-10-09 02:11:45,68.4119180094277
2025-10-09 02:11:50,68.41191800942943
2025-10-09 02:11:55,68.41191800943113
2025-10-09 02:12:00,68.41191800943281
2025-10-09 02:12:05,68.41191800943446
2025-10-09 02:12:10,68.41191800943606
2025-10-09 02:12:15,68.41191800943766
2025-10-09 02:12:20,68.41191800943922
2025-10-09 02:12:25,68.41191800944075
2025-10-09 02:12:30,68.41191800944227
2025-10-09 02:12:35,68.41191800944375
2025-10-09 02:12:40,68.41191800944522
2025-10-09 02:12:45,68.41191800944665
2025-10-09 02:12:50,68.41191800944806
2025-10-09 02:12:55,68.41191800944944
2025-10-09 02:13:00,68.4119180094508
2025-10-09 02:13:05,68.41191800945214
2025-10-09 02:13:10,68.41191800945346
2025-10-09 02:13:15,68.41191800945475
2025-10-09 02:13:20,68.41191800945603
2025-10-09 02:13:25,68.41191800945727
2025-10-09 02:13:30,68.4119180094585
2025-10-09 02:13:35,68.41191800945971
2025-10-09 02:13:40,68.41191800946089
2025-10-09 02:13:45,68.41191800946206
2025-10-09 02:13:50,68.41191800946321
2025-10-09 02:13:55,68.41191800946434
2025-10-09 02:14:00,68.41191800946544
2025-10-09 02:14:05,68.41191800946653
2025-10-09 02:14:10,68.4119180094676
2025-10-09 02:14:15,68.41191800946865
2025-10-09 02:14:20,68.41191800946969
2025-10-09 02:14:25,68.41191800947071
2025-10-09 02:14:30,68.4119180094717
2025-10-09 02:14:35,68.41191800947269
2025-10-09 02:14:40,68.41191800947365
2025-10-09 02:14:45,68.4119180094746
2025-10-09 02:14:50,68.41191800947554
2025-10-09 02:14:55,68.41191800947645
2025-10-09 02:15:00,68.41191800947736
2025-10-09 02:15:05,68.41191800947824
2025-10-09 02:15:10,68.41191800947911
2025-10-09 02:15:15,68.41191800947996
2025-10-09 02:15:20,68.41191800948081
2025-10-09 02:15:25,68.41191800948164
2025-10-09 02:15:30,68.41191800948245
2025-10-09 02:15:35,68.41191800948324
2025-10-09 02:15:40,68.41191800948404
2025-10-09 02:15:45,68.41191800948481
2025-10-09 02:15:50,68.41191800948556
2025-10-09 02:15:55,68.41191800948631
2025-10-09 02:16:00,68.41191800948704
2025-10-09 02:16:05,68.41191800948776
2025-10-09 02:16:10,68.41191800948847
2025-10-09 02:16:15,68.41191800948917
2025-10-09 02:16:20,68.41191800948985
2025-10-09 02:16:25,68.41191800949053
2025-10-09 02:16:30,68.41191800949119
2025-10-09 02:16:35,68.41191800949184
2025-10-09 02:16:40,68.41191800949248
2025-10-09 02:16:45,68.4119180094931
2025-10-09 02:16:50,68.41191800949372
2025-10-09 02:16:55,68.41191800949433
2025-10-09 02:17:00,68.41191800949493
2025-10-09 02:17:05,68.41191800949551
2025-10-09 02:17:10,68.41191800949609
2025-10-09 02:17:15,68.41191800949666
2025-10-09 02:17:20,68.41191800949721
2025-10-09 02:17:25,68.41191800949777
2025-10-09 02:17:30,68.4119180094983
2025-10-09 02:17:35,68.41191800949883
2025-10-09 02:17:40,68.41191800949935
2025-10-09 02:17:45,68.41191800949986
2025-10-09 02:17:50,68.41191800950037
2025-10-09 02:17:55,68.41191800950085
2025-10-09 02:18:00,68.41191800950133
2025-10-09 02:18:05,68.41191800950182
2025-10-09 02:18:10,68.41191800950229
2025-10-09 02:18:15,68.41191800950274
2025-10-09 02:18:20,68.4119180095032
2025-10-09 02:18:25,68.41191800950365
2025-10-09 02:18:30,68.41191800950408
2025-10-09 02:18:35,68.41191800950452
2025-10-09 02:18:40,68.41191800950493
2025-10-09 02:18:45,68.41191800950536
2025-10-09 02:18:50,68.41191800950575
2025-10-09 02:18:55,68.41191800950617
2025-10-09 02:19:00,68.41191800950656
2025-10-09 02:19:05,68.41191800950695
2025-10-09 02:19:10,68.41191800950733
2025-10-09 02:19:15,68.4119180095077
2025-10-09 02:19:20,68.41191800950807
2025-10-09 02:19:25,68.41191800950843
2025-10-09 02:19:30,68.4119180095088
2025-10-09 02:19:35,68.41191800950914
2025-10-09 02:19:40,68.41191800950948
2025-10-09 02:19:45,68.41191800950982
2025-10-09 02:19:50,68.41191800951016
2025-10-09 02:19:55,68.41191800951049
2025-10-09 02:20:00,68.4119180095108
2025-10-09 02:20:05,68.41191800951111
2025-10-09 02:20:10,68.41191800951142
2025-10-09 02:20:15,68.41191800951174
2025-10-09 02:20:20,68.41191800951204
2025-10-09 02:20:25,68.41191800951233
2025-10-09 02:20:30,68.41191800951262
2025-10-09 02:20:35,68.4119180095129
2025-10-09 02:20:40,68.41191800951319
2025-10-09 02:20:45,68.41191800951346
2025-10-09 02:20:50,68.41191800951373
2025-10-09 02:20:55,68.411918009514
2025-10-09 02:21:00,68.41191800951425
2025-10-09 02:21:05,68.41191800951451
2025-10-09 02:21:10,68.41191800951476
2025-10-09 02:21:15,68.411918009515
2025-10-09 02:21:20,68.41191800951526
2025-10-09 02:21:25,68.41191800951549
2025-10-09 02:21:30,68.41191800951573
2025-10-09 02:21:35,68.41191800951596
2025-10-09 02:21:40,68.41191800951619
2025-10-09 02:21:45,68.41191800951641
2025-10-09 02:21:50,68.41191800951664
2025-10-09 02:21:55,68.41191800951685
2025-10-09 02:22:00,68.41191800951707
2025-10-09 02:22:05,68.41191800951727
2025-10-09 02:22:10,68.41191800951748
2025-10-09 02:22:15,68.41191800951768
2025-10-09 02:22:20,68.41191800951788
2025-10-09 02:22:25,68.41191800951808
2025-10-09 02:22:30,68.41191800951826
2025-10-09 02:22:35,68.41191800951846
2025-10-09 02:22:40,68.41191800951864
2025-10-09 02:22:45,68.41191800951881
2025-10-09 02:22:50,68.411918009519
2025-10-09 02:22:55,68.41191800951917
2025-10-09 02:23:00,68.41191800951935
2025-10-09 02:23:05,68.41191800951952
2025-10-09 02:23:10,68.41191800951968
2025-10-09 02:23:15,68.41191800951985
2025-10-09 02:23:20,68.41191800952001
2025-10-09 02:23:25,68.41191800952016
2025-10-09 02:23:30,68.41191800952032
2025-10-09 02:23:35,68.41191800952048
2025-10-09 02:23:40,68.41191800952063
2025-10-09 02:23:45,68.41191800952078
2025-10-09 02:23:50,68.41191800952092
2025-10-09 02:23:55,68.41191800952106
2025-10-09 02:24:00,68.4119180095212
2025-10-09 02:24:05,68.41191800952134
2025-10-09 02:24:10,68.41191800952149
2025-10-09 02:24:15,68.41191800952161
2025-10-09 02:24:20,68.41191800952174
2025-10-09 02:24:25,68.41191800952187
2025-10-09 02:24:30,68.411918009522
2025-10-09 02:24:35,68.41191800952213
2025-10-09 02:24:40,68.41191800952225
2025-10-09 02:24:45,68.41191800952237
2025-10-09 02:24:50,68.4119180095225
2025-10-09 02:24:55,68.41191800952261
2025-10-09 02:25:00,68.41191800952272
2025-10-09 02:25:05,68.41191800952284
2025-10-09 02:25:10,68.41191800952294
2025-10-09 02:25:15,68.41191800952305
2025-10-09 02:25:20,68.41191800952316
2025-10-09 02:25:25,68.41191800952326
2025-10-09 02:25:30,68.41191800952336
2025-10-09 02:25:35,68.41191800952346
2025-10-09 02:25:40,68.41191800952356
2025-10-09 02:25:45,68.41191800952366
2025-10-09 02:25:50,68.41191800952376
2025-10-09 02:25:55,68.41191800952386
2025-10-09 02:26:00,68.41191800952394
2025-10-09 02:26:05,68.41191800952404
2025-10-09 02:26:10,68.41191800952413
2025-10-09 02:26:15,68.41191800952421
2025-10-09 02:26:20,68.4119180095243
2025-10-09 02:26:25,68.41191800952438
2025-10-09 02:26:30,68.41191800952447
2025-10-09 02:26:35,68.41191800952456
2025-10-09 02:26:40,68.41191800952464
2025-10-09 02:26:45,68.41191800952471
2025-10-09 02:26:50,68.4119180095248
2025-10-09 02:26:55,68.41191800952487
2025-10-09 02:27:00,68.41191800952495
2025-10-09 02:27:05,68.41191800952502
2025-10-09 02:27:10,68.4119180095251
2025-10-09 02:27:15,68.41191800952517
2025-10-09 02:27:20,68.41191800952524
2025-10-09 02:27:25,68.41191800952531
2025-10-09 02:27:30,68.41191800952538
2025-10-09 02:27:35,68.41191800952545
2025-10-09 02:27:40,68.41191800952551
2025-10-09 02:27:45,68.41191800952558
2025-10-09 02:27:50,68.41191800952564
2025-10-09 02:27:55,68.4119180095257
2025-10-09 02:28:00,68.41191800952576
2025-10-09 02:28:05,68.41191800952582
2025-10-09 02:28:10,68.41191800952589
2025-10-09 02:28:15,68.41191800952595
2025-10-09 02:28:20,68.411918009526
2025-10-09 02:28:25,68.41191800952606
2025-10-09 02:28:30,68.41191800952612
2025-10-09 02:28:35,68.41191800952616
2025-10-09 02:28:40,68.41191800952622
2025-10-09 02:28:45,68.41191800952627
2025-10-09 02:28:50,68.41191800952633
2025-10-09 02:28:55,68.41191800952637
2025-10-09 02:29:00,68.41191800952643
2025-10-09 02:29:05,68.41191800952647
2025-10-09 02:29:10,68.41191800952653
2025-10-09 02:29:15,68.41191800952657
2025-10-09 02:29:20,68.41191800952662
2025-10-09 02:29:25,68.41191800952666
2025-10-09 02:29:30,68.41191800952672
2025-10-09 02:29:35,68.41191800952676
2025-10-09 02:29:40,68.4119180095268
2025-10-09 02:29:45,68.41191800952684
2025-10-09 02:29:50,68.41191800952689
2025-10-09 02:29:55,68.41191800952693
2025-10-09 02:30:00,68.41191800952697
2025-10-09 02:30:05,68.411918009527
2025-10-09 02:30:10,68.41191800952704
2025-10-09 02:30:15,68.41191800952708
2025-10-09 02:30:20,68.41191800952713
2025-10-09 02:30:25,68.41191800952716
2025-10-09 02:30:30,68.4119180095272
2025-10-09 02:30:35,68.41191800952723
2025-10-09 02:30:40,68.41191800952727
2025-10-09 02:30:45,68.4119180095273
2025-10-09 02:30:50,68.41191800952734
2025-10-09 02:30:55,68.41191800952737
2025-10-09 02:31:00,68.4119180095274
2025-10-09 02:31:05,68.41191800952744
2025-10-09 02:31:10,68.41191800952747
2025-10-09 02:31:15,68.4119180095275
2025-10-09 02:31:20,68.41191800952753
2025-10-09 02:31:25,68.41191800952757
2025-10-09 02:31:30,68.4119180095276
2025-10-09 02:31:35,68.41191800952762
2025-10-09 02:31:40,68.41191800952765
2025-10-09 02:31:45,68.41191800952768
2025-10-09 02:31:50,68.41191800952771
2025-10-09 02:31:55,68.41191800952774
2025-10-09 02:32:00,68.41191800952777
2025-10-09 02:32:05,68.41191800952778
2025-10-09 02:32:10,68.41191800952781
2025-10-09 02:32:15,68.41191800952784
2025-10-09 02:32:20,68.41191800952787
2025-10-09 02:32:25,68.4119180095279
2025-10-09 02:32:30,68.41191800952791
2025-10-09 02:32:35,68.41191800952794
2025-10-09 02:32:40,68.41191800952797
2025-10-09 02:32:45,68.41191800952798
2025-10-09 02:32:50,68.41191800952801
2025-10-09 02:32:55,68.41191800952802
2025-10-09 02:33:00,68.41191800952805
2025-10-09 02:33:05,68.41191800952807
2025-10-09 02:33:10,68.4119180095281
2025-10-09 02:33:15,68.41191800952811
2025-10-09 02:33:20,68.41191800952814
2025-10-09 02:33:25,68.41191800952815
2025-10-09 02:33:30,68.41191800952818
2025-10-09 02:33:35,68.4119180095282
2025-10-09 02:33:40,68.41191800952821
2025-10-09 02:33:45,68.41191800952824
2025-10-09 02:33:50,68.41191800952825
2025-10-09 02:33:55,68.41191800952826
2025-10-09 02:34:00,68.41191800952829
2025-10-09 02:34:05,68.4119180095283
2025-10-09 02:34:10,68.41191800952832
2025-10-09 02:34:15,68.41191800952834
2025-10-09 02:34:20,68.41191800952835
2025-10-09 02:34:25,68.41191800952838
2025-10-09 02:34:30,68.41191800952839
2025-10-09 02:34:35,68.4119180095284
2025-10-09 02:34:40,68.41191800952842
2025-10-09 02:34:45,68.41191800952843
2025-10-09 02:34:50,68.41191800952845
2025-10-09 02:34:55,68.41191800952846
2025-10-09 02:35:00,68.41191800952848
2025-10-09 02:35:05,68.41191800952849
2025-10-09 02:35:10,68.4119180095285
2025-10-09 02:35:15,68.41191800952852
2025-10-09 02:35:20,68.41191800952853
2025-10-09 02:35:25,68.41191800952855
2025-10-09 02:35:30,68.41191800952856
2025-10-09 02:35:35,68.41191800952858
2025-10-09 02:35:40,68.41191800952859
2025-10-09 02:35:45,68.4119180095286
2025-10-09 02:35:50,68.4119180095286
2025-10-09 02:35:55,68.41191800952862
2025-10-09 02:36:00,68.41191800952863
2025-10-09 02:36:05,68.41191800952865
2025-10-09 02:36:10,68.41191800952866
2025-10-09 02:36:15,68.41191800952866
2025-10-09 02:36:20,68.41191800952868
2025-10-09 02:36:25,68.41191800952869
2025-10-09 02:36:30,68.4119180095287
2025-10-09 02:36:35,68.4119180095287
2025-10-09 02:36:40,68.41191800952872
2025-10-09 02:36:45,68.41191800952873
2025-10-09 02:36:50,68.41191800952875
2025-10-09 02:36:55,68.41191800952875
2025-10-09 02:37:00,68.41191800952876
2025-10-09 02:37:05,68.41191800952878
2025-10-09 02:37:10,68.41191800952878
2025-10-09 02:37:15,68.41191800952879
2025-10-09 02:37:20,68.4119180095288
2025-10-09 02:37:25,68.4119180095288
2025-10-09 02:37:30,68.41191800952882
2025-10-09 02:37:35,68.41191800952882
2025-10-09 02:37:40,68.41191800952883
2025-10-09 02:37:45,68.41191800952885
2025-10-09 02:37:50,68.41191800952885
2025-10-09 02:37:55,68.41191800952886
2025-10-09 02:38:00,68.41191800952886
2025-10-09 02:38:05,68.41191800952888
2025-10-09 02:38:10,68.41191800952888
2025-10-09 02:38:15,68.41191800952889
2025-10-09 02:38:20,68.41191800952889
2025-10-09 02:38:25,68.4119180095289
2025-10-09 02:38:30,68.4119180095289
2025-10-09 02:38:35,68.41191800952892
2025-10-09 02:38:40,68.41191800952892
2025-10-09 02:38:45,68.41191800952893
2025-10-09 02:38:50,68.41191800952893
2025-10-09 02:38:55,68.41191800952895
2025-10-09 02:39:00,68.41191800952895
2025-10-09 02:39:05,68.41191800952896
2025-10-09 02:39:10,68.41191800952896
2025-10-09 02:39:15,68.41191800952896
2025-10-09 02:39:20,68.41191800952897
2025-10-09 02:39:25,68.41191800952897
2025-10-09 02:39:30,68.41191800952899
2025-10-09 02:39:35,68.41191800952899
2025-10-09 02:39:40,68.411918009529
2025-10-09 02:39:45,68.411918009529
2025-10-09 02:39:50,68.411918009529
2025-10-09 02:39:55,68.41191800952902
2025-10-09 02:40:00,68.41191800952902
2025-10-09 02:40:05,68.41191800952902
2025-10-09 02:40:10,68.41191800952903
2025-10-09 02:40:15,68.41191800952903
2025-10-09 02:40:20,68.41191800952903
2025-10-09 02:40:25,68.41191800952905
2025-10-09 02:40:30,68.41191800952905
2025-10-09 02:40:35,68.41191800952905
2025-10-09 02:40:40,68.41191800952906
2025-10-09 02:40:45,68.41191800952906
2025-10-09 02:40:50,68.41191800952906
2025-10-09 02:40:55,68.41191800952907
2025-10-09 02:41:00,68.41191800952907
2025-10-09 02:41:05,68.41191800952907
2025-10-09 02:41:10,68.41191800952907
2025-10-09 02:41:15,68.41191800952909
2025-10-09 02:41:20,68.41191800952909
2025-10-09 02:41:25,68.41191800952909
2025-10-09 02:41:30,68.4119180095291
2025-10-09 02:41:35,68.4119180095291
2025-10-09 02:41:40,68.4119180095291
2025-10-09 02:41:45,68.4119180095291
2025-10-09 02:41:50,68.41191800952912
2025-10-09 02:41:55,68.41191800952912
2025-10-09 02:42:00,68.41191800952912
2025-10-09 02:42:05,68.41191800952912
2025-10-09 02:42:10,68.41191800952913
2025-10-09 02:42:15,68.41191800952913
2025-10-09 02:42:20,68.41191800952913
2025-10-09 02:42:25,68.41191800952913
2025-10-09 02:42:30,68.41191800952913
2025-10-09 02:42:35,68.41191800952915
2025-10-09 02:42:40,68.41191800952915
2025-10-09 02:42:45,68.41191800952915
2025-10-09 02:42:50,68.41191800952915
2025-10-09 02:42:55,68.41191800952915
2025-10-09 02:43:00,68.41191800952916
2025-10-09 02:43:05,68.41191800952916
2025-10-09 02:43:10,68.41191800952916
2025-10-09 02:43:15,68.41191800952916
2025-10-09 02:43:20,68.41191800952916
2025-10-09 02:43:25,68.41191800952917
2025-10-09 02:43:30,68.41191800952917
2025-10-09 02:43:35,68.41191800952917
2025-10-09 02:43:40,68.41191800952917
2025-10-09 02:43:45,68.41191800952917
2025-10-09 02:43:50,68.41191800952917
2025-10-09 02:43:55,68.41191800952919
2025-10-09 02:44:00,68.41191800952919
2025-10-09 02:44:05,68.41191800952919
2025-10-09 02:44:10,68.41191800952919
2025-10-09 02:44:15,68.41191800952919
2025-10-09 02:44:20,68.41191800952919
2025-10-09 02:44:25,68.4119180095292
2025-10-09 02:44:30,68.4119180095292
2025-10-09 02:44:35,68.4119180095292
2025-10-09 02:44:40,68.4119180095292
2025-10-09 02:44:45,68.4119180095292
2025-10-09 02:44:50,68.4119180095292
2025-10-09 02:44:55,68.4119180095292
2025-10-09 02:45:00,68.41191800952922
2025-10-09 02:45:05,68.41191800952922
2025-10-09 02:45:10,68.41191800952922
2025-10-09 02:45:15,68.41191800952922
2025-10-09 02:45:20,68.41191800952922
2025-10-09 02:45:25,68.41191800952922
2025-10-09 02:45:30,68.41191800952922
2025-10-09 02:45:35,68.41191800952922
2025-10-09 02:45:40,68.41191800952922
2025-10-09 02:45:45,68.41191800952923
2025-10-09 02:45:50,68.41191800952923
2025-10-09 02:45:55,68.41191800952923
2025-10-09 02:46:00,68.41191800952923
2025-10-09 02:46:05,68.41191800952923
2025-10-09 02:46:10,68.41191800952923
2025-10-09 02:46:15,68.41191800952923
2025-10-09 02:46:20,68.41191800952923
2025-10-09 02:46:25,68.41191800952923
2025-10-09 02:46:30,68.41191800952924
2025-10-09 02:46:35,68.41191800952924
2025-10-09 02:46:40,68.41191800952924
2025-10-09 02:46:45,68.41191800952924
2025-10-09 02:46:50,68.41191800952924
2025-10-09 02:46:55,68.41191800952924
2025-10-09 02:47:00,68.41191800952924
2025-10-09 02:47:05,68.41191800952924
2025-10-09 02:47:10,68.41191800952924
2025-10-09 02:47:15,68.41191800952924
2025-10-09 02:47:20,68.41191800952924
2025-10-09 02:47:25,68.41191800952924
2025-10-09 02:47:30,68.41191800952926
2025-10-09 02:47:35,68.41191800952926
2025-10-09 02:47:40,68.41191800952926
2025-10-09 02:47:45,68.41191800952926
2025-10-09 02:47:50,68.41191800952926
2025-10-09 02:47:55,68.41191800952926
2025-10-09 02:48:00,68.41191800952926
2025-10-09 02:48:05,68.41191800952926
2025-10-09 02:48:10,68.41191800952926
2025-10-09 02:48:15,68.41191800952926
2025-10-09 02:48:20,68.41191800952926
2025-10-09 02:48:25,68.41191800952926
2025-10-09 02:48:30,68.41191800952926
2025-10-09 02:48:35,68.41191800952926
2025-10-09 02:48:40,68.41191800952926
2025-10-09 02:48:45,68.41191800952927
2025-10-09 02:48:50,68.41191800952927
2025-10-09 02:48:55,68.41191800952927
2025-10-09 02:49:00,68.41191800952927
2025-10-09 02:49:05,68.41191800952927
2025-10-09 02:49:10,68.41191800952927
2025-10-09 02:49:15,68.41191800952927
2025-10-09 02:49:20,68.41191800952927
2025-10-09 02:49:25,68.41191800952927
2025-10-09 02:49:30,68.41191800952927
2025-10-09 02:49:35,68.41191800952927
2025-10-09 02:49:40,68.41191800952927
2025-10-09 02:49:45,68.41191800952927
2025-10-09 02:49:50,68.41191800952927
2025-10-09 02:49:55,68.41191800952927
2025-10-09 02:50:00,68.41191800952927
2025-10-09 02:50:05,68.41191800952927
2025-10-09 02:50:10,68.41191800952927
2025-10-09 02:50:15,68.41191800952927
2025-10-09 02:50:20,68.41191800952929
2025-10-09 02:50:25,68.41191800952929
2025-10-09 02:50:30,68.41191800952929
2025-10-09 02:50:35,68.41191800952929
2025-10-09 02:50:40,68.41191800952929
2025-10-09 02:50:45,68.41191800952929
2025-10-09 02:50:50,68.41191800952929
2025-10-09 02:50:55,68.41191800952929
2025-10-09 02:51:00,68.41191800952929
2025-10-09 02:51:05,68.41191800952929
2025-10-09 02:51:10,68.41191800952929
2025-10-09 02:51:15,68.41191800952929
2025-10-09 02:51:20,68.41191800952929
2025-10-09 02:51:25,68.41191800952929
2025-10-09 02:51:30,68.41191800952929
2025-10-09 02:51:35,68.41191800952929
2025-10-09 02:51:40,68.41191800952929
2025-10-09 02:51:45,68.41191800952929
2025-10-09 02:51:50,68.41191800952929
2025-10-09 02:51:55,68.41191800952929
2025-10-09 02:52:00,68.41191800952929
2025-10-09 02:52:05,68.41191800952929
2025-10-09 02:52:10,68.41191800952929
2025-10-09 02:52:15,68.41191800952929
2025-10-09 02:52:20,68.41191800952929
2025-10-09 02:52:25,68.41191800952929
2025-10-09 02:52:30,68.41191800952929
2025-10-09 02:52:35,68.41191800952929
2025-10-09 02:52:40,68.41191800952929
2025-10-09 02:52:45,68.41191800952929
2025-10-09 02:52:50,68.4119180095293
2025-10-09 02:52:55,68.4119180095293
2025-10-09 02:53:00,68.4119180095293
2025-10-09 02:53:05,68.4119180095293
2025-10-09 02:53:10,68.4119180095293
2025-10-09 02:53:15,68.4119180095293
2025-10-09 02:53:20,68.4119180095293
2025-10-09 02:53:25,68.4119180095293
2025-10-09 02:53:30,68.4119180095293
2025-10-09 02:53:35,68.4119180095293
2025-10-09 02:53:40,68.4119180095293
2025-10-09 02:53:45,68.4119180095293
2025-10-09 02:53:50,68.4119180095293
2025-10-09 02:53:55,68.4119180095293
2025-10-09 02:54:00,68.4119180095293
2025-10-09 02:54:05,68.4119180095293
2025-10-09 02:54:10,68.4119180095293
2025-10-09 02:54:15,68.4119180095293
2025-10-09 02:54:20,68.4119180095293
2025-10-09 02:54:25,68.4119180095293
2025-10-09 02:54:30,68.4119180095293
2025-10-09 02:54:35,68.4119180095293
2025-10-09 02:54:40,68.4119180095293
2025-10-09 02:54:45,68.4119180095293
2025-10-09 02:54:50,68.4119180095293
2025-10-09 02:54:55,68.4119180095293
2025-10-09 02:55:00,68.4119180095293
2025-10-09 02:55:05,68.4119180095293
2025-10-09 02:55:10,68.4119180095293
2025-10-09 02:55:15,68.4119180095293
2025-10-09 02:55:20,68.4119180095293
2025-10-09 02:55:25,68.4119180095293
2025-10-09 02:55:30,68.4119180095293
2025-10-09 02:55:35,68.4119180095293
2025-10-09 02:55:40,68.4119180095293
2025-10-09 02:55:45,68.4119180095293
2025-10-09 02:55:50,68.4119180095293
2025-10-09 02:55:55,68.4119180095293
2025-10-09 02:56:00,68.4119180095293
2025-10-09 02:56:05,68.4119180095293
2025-10-09 02:56:10,68.4119180095293
2025-10-09 02:56:15,68.4119180095293
2025-10-09 02:56:20,68.4119180095293
2025-10-09 02:56:25,68.4119180095293
2025-10-09 02:56:30,68.4119180095293
2025-10-09 02:56:35,68.4119180095293
2025-10-09 02:56:40,68.4119180095293
2025-10-09 02:56:45,68.4119180095293
2025-10-09 02:56:50,68.4119180095293
2025-10-09 02:56:55,68.4119180095293
2025-10-09 02:57:00,68.4119180095293
2025-10-09 02:57:05,68.4119180095293
2025-10-09 02:57:10,68.4119180095293
2025-10-09 02:57:15,68.4119180095293
2025-10-09 02:57:20,68.4119180095293
2025-10-09 02:57:25,68.4119180095293
2025-10-09 02:57:30,68.4119180095293
2025-10-09 02:57:35,68.4119180095293
2025-10-09 02:57:40,68.4119180095293
2025-10-09 02:57:45,68.4119180095293
2025-10-09 02:57:50,68.4119180095293
2025-10-09 02:57:55,68.4119180095293
2025-10-09 02:58:00,68.4119180095293
2025-10-09 02:58:05,68.4119180095293
2025-10-09 02:58:10,68.41191800952932
2025-10-09 02:58:15,68.41191800952932
2025-10-09 02:58:20,68.41191800952932
2025-10-09 02:58:25,68.41191800952932
2025-10-09 02:58:30,68.41191800952932
2025-10-09 02:58:35,68.41191800952932
2025-10-09 02:58:40,68.41191800952932
2025-10-09 02:58:45,68.41191800952932
2025-10-09 02:58:50,68.41191800952932
2025-10-09 02:58:55,68.41191800952932
2025-10-09 02:59:00,68.41191800952932
2025-10-09 02:59:05,68.41191800952932
2025-10-09 02:59:10,68.41191800952932
2025-10-09 02:59:15,68.41191800952932
2025-10-09 02:59:20,68.41191800952932
2025-10-09 02:59:25,68.41191800952932
2025-10-09 02:59:30,68.41191800952932
2025-10-09 02:59:35,68.41191800952932
2025-10-09 02:59:40,68.41191800952932
2025-10-09 02:59:45,68.41191800952932
2025-10-09 02:59:50,68.41191800952932
2025-10-09 02:59:55,68.41191800952932
